project,table,variable,full_name,label,value_type,description,categories,categories_label
BiBBS_Baseline,pregnancy_survey,BiBBSPregNumber,BiBBS_Baseline.pregnancy_survey.BiBBSPregNumber,BiBBS mother within-cohort pregnancy number,decimal,,,
BiBBS_Baseline,pregnancy_survey,BiBBSPregnancyID,BiBBS_Baseline.pregnancy_survey.BiBBSPregnancyID,BiBBS PregnancyID,text,,,
BiBBS_Baseline,pregnancy_survey,adm_medqage,BiBBS_Baseline.pregnancy_survey.adm_medqage,Age at questionnaire completion (years),decimal,,,
BiBBS_Baseline,pregnancy_survey,adm_version,BiBBS_Baseline.pregnancy_survey.adm_version,Questionnaire version,decimal,,1|2|3|4|5|6,Long Verson 1|Long Verson 2|Long Verson 3|Long Verson 4|Short Version 1|Short Version 2
BiBBS_Baseline,pregnancy_survey,adm_qlang,BiBBS_Baseline.pregnancy_survey.adm_qlang,Language used to administer questionnaire,decimal,,1|2|3|4,English|Punjabi|Urdu|Other
BiBBS_Baseline,pregnancy_survey,adm_qlangoth,BiBBS_Baseline.pregnancy_survey.adm_qlangoth,Language used to administer questionnaire - other,text,,,
BiBBS_Baseline,pregnancy_survey,adm_qintused,BiBBS_Baseline.pregnancy_survey.adm_qintused,Was interpreter used,decimal,,0|1,No|Yes
BiBBS_Baseline,pregnancy_survey,adm_qinttype,BiBBS_Baseline.pregnancy_survey.adm_qinttype,Interpreter type,decimal,,1|2,Family or friend|Other
BiBBS_Baseline,pregnancy_survey,adm_qpresent,BiBBS_Baseline.pregnancy_survey.adm_qpresent,Who was present at interview,decimal,,1|2|3|4|5|6,None|Partner|Family member|Friend|Other|Not taken
BiBBS_Baseline,pregnancy_survey,adm_qintcode,BiBBS_Baseline.pregnancy_survey.adm_qintcode,Who is administering the questionnaire,decimal,,1|10|11|12|13|14|15|16|17|18|19|2|20|21|22|23|24|25|26|27|28|29|3|30|31|4|5|6|7|8|9,AB73|KS78|NU77|PB79|RP51|SA01|SD75|SJ27|EA82|SA69|SB83|AM72|SB84|SH73|SH81|CN87|RR101|ZA86|CS110|KH85|RB88|Self-completed by participant|DW01|JA99|NT|EA74|HF71|IF70|IJ76|JB47|JD80
BiBBS_Baseline,pregnancy_survey,adm_qmescode,BiBBS_Baseline.pregnancy_survey.adm_qmescode,Who is taking the measurements,decimal,,1|10|11|12|13|14|15|16|17|18|19|2|20|21|22|23|24|25|26|27|28|29|3|30|31|4|5|6|7|8|9,AB73|KS78|NU77|PB79|RP51|SA01|SD75|SJ27|EA82|SA69|SB83|AM72|SB84|SH73|SH81|CN87|RR101|ZA86|CS110|KH85|RB88|Self-completed by participant|DW01|JA99|NT|EA74|HF71|IF70|IJ76|JB47|JD80
BiBBS_Baseline,pregnancy_survey,mes1_present,BiBBS_Baseline.pregnancy_survey.mes1_present,Whether Measurements (1) are present in Q version,decimal,,0|1,No|Yes
BiBBS_Baseline,pregnancy_survey,mes1_heighttaken,BiBBS_Baseline.pregnancy_survey.mes1_heighttaken,Whether height taken,decimal,,0|1,No|Yes
BiBBS_Baseline,pregnancy_survey,mes1_qheight,BiBBS_Baseline.pregnancy_survey.mes1_qheight,Height (cm),decimal,,,
BiBBS_Baseline,pregnancy_survey,mes1_weighttaken,BiBBS_Baseline.pregnancy_survey.mes1_weighttaken,Whether weight taken,decimal,,0|1,No|Yes
BiBBS_Baseline,pregnancy_survey,mes1_qweight,BiBBS_Baseline.pregnancy_survey.mes1_qweight,Weight (kg),decimal,,,
BiBBS_Baseline,pregnancy_survey,mes1_bmicalc,BiBBS_Baseline.pregnancy_survey.mes1_bmicalc,Whether BMI could be calculated,decimal,,0|1,No|Yes
BiBBS_Baseline,pregnancy_survey,mes1_bmi,BiBBS_Baseline.pregnancy_survey.mes1_bmi,BMI calculated,decimal,,,
BiBBS_Baseline,pregnancy_survey,mes1_bmicat5,BiBBS_Baseline.pregnancy_survey.mes1_bmicat5,BMI 5 categories,decimal,,1|2|3|4|5,Underweight|Normal Weight|Overweight|Obese|Severe Obese
BiBBS_Baseline,pregnancy_survey,mes1_bmicat3,BiBBS_Baseline.pregnancy_survey.mes1_bmicat3,BMI 3 categories,decimal,,1|2|3,Underweight/ Normal Weight|Overweight|Obese/ Severe Obese
BiBBS_Baseline,pregnancy_survey,mes1_triceptaken,BiBBS_Baseline.pregnancy_survey.mes1_triceptaken,Whether triceps measure taken,decimal,,0|1,No|Yes
BiBBS_Baseline,pregnancy_survey,mes1_qtricep,BiBBS_Baseline.pregnancy_survey.mes1_qtricep,Triceps measure (cm),decimal,,,
BiBBS_Baseline,pregnancy_survey,mes2_present,BiBBS_Baseline.pregnancy_survey.mes2_present,Whether Measurements (2) are present in Q version,decimal,,0|1,No|Yes
BiBBS_Baseline,pregnancy_survey,mes2_armcirctaken,BiBBS_Baseline.pregnancy_survey.mes2_armcirctaken,Whether arm circumference measure taken,decimal,,0|1,No|Yes
BiBBS_Baseline,pregnancy_survey,mes2_qarmcirc,BiBBS_Baseline.pregnancy_survey.mes2_qarmcirc,Arm circumference measure(cm),decimal,,,
BiBBS_Baseline,pregnancy_survey,mes3_present,BiBBS_Baseline.pregnancy_survey.mes3_present,Whether Measurements (3) are present in Q version,decimal,,0|1,No|Yes
BiBBS_Baseline,pregnancy_survey,mes3_veggietaken,BiBBS_Baseline.pregnancy_survey.mes3_veggietaken,Whether veggie meter measure taken,decimal,,0|1,No|Yes
BiBBS_Baseline,pregnancy_survey,mes3_veggie,BiBBS_Baseline.pregnancy_survey.mes3_veggie,Veggie Meter Score,decimal,,,
BiBBS_Baseline,pregnancy_survey,eth_ethnic,BiBBS_Baseline.pregnancy_survey.eth_ethnic,Mother ethnicity all categories,decimal,,1|10|11|12|13|14|15|16|17|18|19|2|3|4|5|6|7|8|9,White British|Other White|White Gypsy/Roma/Irish traveller|Chinese|African|Caribbean|Mixed White/ Black Caribbean|Mixed White/ Black African|Mixed White/ Asian|Do not wish to answer|Other|White Irish|Pakistani|Indian|Bangladeshi|White Polish|White Slovakian|White Romanian|White Czech
BiBBS_Baseline,pregnancy_survey,eth_ethnicoth,BiBBS_Baseline.pregnancy_survey.eth_ethnicoth,Mother ethnicity other category details,text,,,
BiBBS_Baseline,pregnancy_survey,eth_eth4cat,BiBBS_Baseline.pregnancy_survey.eth_eth4cat,Mother ethnicity 4 categories,decimal,,1|2|3|4,White British|Pakistani heritage|Central/Eastern European|Other
BiBBS_Baseline,pregnancy_survey,eth_countryborn,BiBBS_Baseline.pregnancy_survey.eth_countryborn,Country born,decimal,,1|10|11|12|13|14|15|2|3|4|5|6|7|8|9,England|Czech Republic|Slovakia|Romania|Hungary|Other|Don't know|Pakistan|Bangladesh|India|Northern Ireland|Scotland|Wales|Republic of Ireland|Poland
BiBBS_Baseline,pregnancy_survey,eth_countryother,BiBBS_Baseline.pregnancy_survey.eth_countryother,Country born - other details,text,,,
BiBBS_Baseline,pregnancy_survey,eth_bornuk,BiBBS_Baseline.pregnancy_survey.eth_bornuk,Whether born in the UK,decimal,,0|1,No|Yes
BiBBS_Baseline,pregnancy_survey,eth_ageuk,BiBBS_Baseline.pregnancy_survey.eth_ageuk,Age arrived in UK if born outside UK,decimal,,,
BiBBS_Baseline,pregnancy_survey,eth_pcountrypresent,BiBBS_Baseline.pregnancy_survey.eth_pcountrypresent,Whether parents country of birth asked in questionnaire version,decimal,,0|1,No|Yes
BiBBS_Baseline,pregnancy_survey,eth_mcountry,BiBBS_Baseline.pregnancy_survey.eth_mcountry,Parents (mother) country of birth,decimal,,1|10|11|12|13|14|15|2|3|4|5|6|7|8|9,England|Czech Republic|Slovakia|Romania|Hungary|Other|Don't know|Pakistan|Bangladesh|India|Northern Ireland|Scotland|Wales|Republic of Ireland|Poland
BiBBS_Baseline,pregnancy_survey,eth_fcountry,BiBBS_Baseline.pregnancy_survey.eth_fcountry,Parents (father) country of birth,decimal,,1|10|11|12|13|14|15|2|3|4|5|6|7|8|9,England|Czech Republic|Slovakia|Romania|Hungary|Other|Don't know|Pakistan|Bangladesh|India|Northern Ireland|Scotland|Wales|Republic of Ireland|Poland
BiBBS_Baseline,pregnancy_survey,eth_pcountryother,BiBBS_Baseline.pregnancy_survey.eth_pcountryother,Parents country of birth - other details,text,,,
BiBBS_Baseline,pregnancy_survey,eth_religionpresent,BiBBS_Baseline.pregnancy_survey.eth_religionpresent,Whether religion asked in questionnaire version,decimal,,0|1,No|Yes
BiBBS_Baseline,pregnancy_survey,eth_religion,BiBBS_Baseline.pregnancy_survey.eth_religion,Religion,decimal,,1|2|3|4|5|6|7|8|9,None|Christian|Islam|Sikhism|Buddhism|Hinduism|Judaism|Do not wish to answer|Other
BiBBS_Baseline,pregnancy_survey,eth_relother,BiBBS_Baseline.pregnancy_survey.eth_relother,Religion - other details,text,,,
BiBBS_Baseline,pregnancy_survey,eth_praypresent,BiBBS_Baseline.pregnancy_survey.eth_praypresent,Whether praying practice asked in questionnaire version,decimal,,0|1,No|Yes
BiBBS_Baseline,pregnancy_survey,eth_pray,BiBBS_Baseline.pregnancy_survey.eth_pray,How often prays,decimal,,1|2|3|4|5|6,Very rarely or never|Sometimes less than once a month|Less often than once a week but at least once a month|Not every day but at least once a week|Every day or more|Do not wish to answer
BiBBS_Baseline,pregnancy_survey,hsh_total_n,BiBBS_Baseline.pregnancy_survey.hsh_total_n,Total number of people in household inc. mother,decimal,,,
BiBBS_Baseline,pregnancy_survey,hsh_total_gp,BiBBS_Baseline.pregnancy_survey.hsh_total_gp,Total number of people in household inc. mother - grouped,decimal,,1|2|3|4|5|6|7,One|Two|Three|Four|Five|Six to Nine|Ten or more
BiBBS_Baseline,pregnancy_survey,hsh_livnatfath_v1,BiBBS_Baseline.pregnancy_survey.hsh_livnatfath_v1,Are you living with the baby's natural father?,decimal,,1|2|3,Yes|No|NT
BiBBS_Baseline,pregnancy_survey,hsh_livnatfath_v2,BiBBS_Baseline.pregnancy_survey.hsh_livnatfath_v2,Are you living with the baby's natural father or with your partner?,decimal,,1|2|3,Yes|No|NT
BiBBS_Baseline,pregnancy_survey,hsh_1_present,BiBBS_Baseline.pregnancy_survey.hsh_1_present,Whether Number of children under 16 asked,decimal,,0|1,No|Yes
BiBBS_Baseline,pregnancy_survey,hsh_under16,BiBBS_Baseline.pregnancy_survey.hsh_under16,Number of children aged under 16 in household,decimal,,,
BiBBS_Baseline,pregnancy_survey,hhold_present,BiBBS_Baseline.pregnancy_survey.hhold_present,Whether detailed household composition Q asked (L1/ L2/ L3),decimal,,0|1,No|Yes
BiBBS_Baseline,pregnancy_survey,fat_relationship,BiBBS_Baseline.pregnancy_survey.fat_relationship,What is your relationship with the baby’s natural father?,decimal,,1|2|3|4|5,Married|In relationship but not married|Separated or divorced|Never been in a relationship with|Has died
BiBBS_Baseline,pregnancy_survey,fat_haspartner,BiBBS_Baseline.pregnancy_survey.fat_haspartner,"If not married/in relationship with baby father, do you currently have a partner",decimal,,0|1,No|Yes
BiBBS_Baseline,pregnancy_survey,fat_dob,BiBBS_Baseline.pregnancy_survey.fat_dob,Father of baby: Date of Birth,date,,,
BiBBS_Baseline,pregnancy_survey,fat_related,BiBBS_Baseline.pregnancy_survey.fat_related,Are you related to father of baby other than by marriage,decimal,,1|2|3|4,No|Yes|Do not wish to answer|Don't know
BiBBS_Baseline,pregnancy_survey,fat_relatedhow,BiBBS_Baseline.pregnancy_survey.fat_relatedhow,"If yes, how are you related to the father of your baby",decimal,,1|2|3|4|5,First cousin|First cousin once removed|Second cousin|Other related by blood|Don't know
BiBBS_Baseline,pregnancy_survey,fat_cbirth,BiBBS_Baseline.pregnancy_survey.fat_cbirth,Which country was the father of your baby born in,decimal,,1|10|11|12|13|14|15|2|3|4|5|6|7|8|9,England|Czech Republic|Slovakia|Romania|Hungary|Other|Don't know|Pakistan|Bangladesh|India|Northern Ireland|Scotland|Wales|Republic of Ireland|Poland
BiBBS_Baseline,pregnancy_survey,fat_cbirth_other,BiBBS_Baseline.pregnancy_survey.fat_cbirth_other,"Father country of birth, other",text,,,
BiBBS_Baseline,pregnancy_survey,res_cpostode,BiBBS_Baseline.pregnancy_survey.res_cpostode,Postcode,text,,,
BiBBS_Baseline,pregnancy_survey,res_clsoaname,BiBBS_Baseline.pregnancy_survey.res_clsoaname,Lower Super Output Area Name,text,,,
BiBBS_Baseline,pregnancy_survey,res_clsoacode,BiBBS_Baseline.pregnancy_survey.res_clsoacode,Lower Super Output Area Code,text,,,
BiBBS_Baseline,pregnancy_survey,res_cward,BiBBS_Baseline.pregnancy_survey.res_cward,Ward,text,,,
BiBBS_Baseline,pregnancy_survey,res_cdistrict,BiBBS_Baseline.pregnancy_survey.res_cdistrict,District/ Local Authority,text,,,
BiBBS_Baseline,pregnancy_survey,res_cIMD19rank,BiBBS_Baseline.pregnancy_survey.res_cIMD19rank,Index of Multiple Deprivation 2019 Rank (where 1 is most deprived),decimal,,,
BiBBS_Baseline,pregnancy_survey,res_cIMD19decile,BiBBS_Baseline.pregnancy_survey.res_cIMD19decile,Index of Multiple Deprivation 2019 Decile (where 1 is most deprived),decimal,,,
BiBBS_Baseline,pregnancy_survey,res_cpropmonths,BiBBS_Baseline.pregnancy_survey.res_cpropmonths,Time at current address (months),decimal,,,
BiBBS_Baseline,pregnancy_survey,res_cpropgp,BiBBS_Baseline.pregnancy_survey.res_cpropgp,Time at current address (grouped),decimal,,1|2|3|4|5|6|7,Less than 6 months|6 months to less than 1 year|1 years to less than 2 years|2 years to less than 3 years|3 years to less than 5 years|5 years to less than 10 years|10 years or more
BiBBS_Baseline,pregnancy_survey,res_4_present,BiBBS_Baseline.pregnancy_survey.res_4_present,Whether residential questions asked in questionnaire version,decimal,,0|1,No|Yes
BiBBS_Baseline,pregnancy_survey,res_4nbedroom,BiBBS_Baseline.pregnancy_survey.res_4nbedroom,Number of bedrooms in property,decimal,,,
BiBBS_Baseline,pregnancy_survey,res_4nmoved,BiBBS_Baseline.pregnancy_survey.res_4nmoved,How often did you move in the past 5 years,decimal,,,
BiBBS_Baseline,pregnancy_survey,res_4planmove,BiBBS_Baseline.pregnancy_survey.res_4planmove,Are you planning to move house in the next year,decimal,,1|2|3,No|Yes|Don't know
BiBBS_Baseline,pregnancy_survey,res4ppostode,BiBBS_Baseline.pregnancy_survey.res4ppostode,What is the postcode of your previous home,text,,,
BiBBS_Baseline,pregnancy_survey,res_4plsoacode,BiBBS_Baseline.pregnancy_survey.res_4plsoacode,Lower Super Output Area (from previous postcode),text,,,
BiBBS_Baseline,pregnancy_survey,res_4pward,BiBBS_Baseline.pregnancy_survey.res_4pward,Ward (from previous postcode),text,,,
BiBBS_Baseline,pregnancy_survey,res_4pdistrict,BiBBS_Baseline.pregnancy_survey.res_4pdistrict,District (from previous postcode),text,,,
BiBBS_Baseline,pregnancy_survey,res_4pregion,BiBBS_Baseline.pregnancy_survey.res_4pregion,Region (from previous postcode),text,,,
BiBBS_Baseline,pregnancy_survey,res_4pcountry,BiBBS_Baseline.pregnancy_survey.res_4pcountry,Country (from previous postcode),text,,,
BiBBS_Baseline,pregnancy_survey,res_3_present,BiBBS_Baseline.pregnancy_survey.res_3_present,Whether residential questions asked in questionnaire version,decimal,,0|1,No|Yes
BiBBS_Baseline,pregnancy_survey,res_3typehome,BiBBS_Baseline.pregnancy_survey.res_3typehome,Type of home,decimal,,1|2|3|4|5|6,house or bungalow|flat or maisonette|studio flat|bedsit or room in a house|other type|don't know
BiBBS_Baseline,pregnancy_survey,res_3ownhome,BiBBS_Baseline.pregnancy_survey.res_3ownhome,Do you (and/or your partner) own or rent your home?,decimal,,1|2|3|4|5|6|7,Own with mortgage|Own outright|Rent it|Live here rent free|Part rent and part mortgage|Squatting|Living with relatives/friends
BiBBS_Baseline,pregnancy_survey,res_3landlord,BiBBS_Baseline.pregnancy_survey.res_3landlord,If renting: Who is landlord?,decimal,,1|2|3|4|5|6,"Private landlord/ letting agency|Housing association, co-operative, charitable trust|Local authority|Relative or friend of a household member|Employer of a household member|Another organisation"
BiBBS_Baseline,pregnancy_survey,res_3tenure,BiBBS_Baseline.pregnancy_survey.res_3tenure,Tenure - Derived,decimal,,1|2|3|4,Owner Occupied|Social Rent|Private Rent|Other
BiBBS_Baseline,pregnancy_survey,res_3reasonmove,BiBBS_Baseline.pregnancy_survey.res_3reasonmove,reason for moving from last home,decimal,,1|10|11|12|13|2|3|4|5|6|7|8|9,Needing bigger/better home or better area|Issues/arguments with neighbours|Issues/arguments with family/partner/housemates|Not applicable- never moved from first home|Other|Went from rented to buying a home|Relationship breakdown|Moving in with partner and/or moving out of parents' home|To live closer to my/my partner's work|Wanted to live closer to friends/relatives|Moved to Bradford from abroad|End of rental agreement on last property|Issues/arguments with previous landlord
BiBBS_Baseline,pregnancy_survey,res_3reasonoher,BiBBS_Baseline.pregnancy_survey.res_3reasonoher,"Reason you moved from your last home, other",text,,,
BiBBS_Baseline,pregnancy_survey,loc_areasatf,BiBBS_Baseline.pregnancy_survey.loc_areasatf,How satisfied with the area you live in,decimal,,1|2|3|4|5,Very dissatisfied|Fairly dissatisfied|Neither satisfied nor dissatisfied|Fairly Satisfied|Very Satisfied
BiBBS_Baseline,pregnancy_survey,loc_greensatf,BiBBS_Baseline.pregnancy_survey.loc_greensatf,How satisfied with the parks/ green spaces in local area,decimal,,1|2|3|4|5,Very dissatisfied|Fairly dissatisfied|Neither satisfied nor dissatisfied|Fairly Satisfied|Very Satisfied
BiBBS_Baseline,pregnancy_survey,loc_2_present,BiBBS_Baseline.pregnancy_survey.loc_2_present,Whether residential questions asked in questionnaire version,decimal,,0|1,No|Yes
BiBBS_Baseline,pregnancy_survey,loc_2arearep,BiBBS_Baseline.pregnancy_survey.loc_2arearep,Whether agree that: other people think this is a good area,decimal,,1|2|3|4|5,Strongly agree|Agree|Neither agree nor disagree|Disagree|Strongly disagree
BiBBS_Baseline,pregnancy_survey,loc_2parksumm,BiBBS_Baseline.pregnancy_survey.loc_2parksumm,How often visit Bradford parks/ green space; Summer,decimal,,1|2|3|4|5,less than once a month|1 to 3 times a month|once a week|2 to 4 times a week|5 times a week or more
BiBBS_Baseline,pregnancy_survey,loc_2parkwint,BiBBS_Baseline.pregnancy_survey.loc_2parkwint,How often visit Bradford parks/ green space; Winter,decimal,,1|2|3|4|5,less than once a month|1 to 3 times a month|once a week|2 to 4 times a week|5 times a week or more
BiBBS_Baseline,pregnancy_survey,loc_2safeout,BiBBS_Baseline.pregnancy_survey.loc_2safeout,Do children in area have safe outdoor space/ facilities nearby,decimal,,1|2|3,No|Yes|Don't know
BiBBS_Baseline,pregnancy_survey,lng_1firstlang_english,BiBBS_Baseline.pregnancy_survey.lng_1firstlang_english,"What is your first language, English",decimal,,0|1,No|Yes
BiBBS_Baseline,pregnancy_survey,lng_1firstlang_punjabi,BiBBS_Baseline.pregnancy_survey.lng_1firstlang_punjabi,"What is your first language, Punjabi",decimal,,0|1,No|Yes
BiBBS_Baseline,pregnancy_survey,lng_1firstlang_urdu,BiBBS_Baseline.pregnancy_survey.lng_1firstlang_urdu,"What is your first language, Urdu",decimal,,0|1,No|Yes
BiBBS_Baseline,pregnancy_survey,lng_1firstlang_polish,BiBBS_Baseline.pregnancy_survey.lng_1firstlang_polish,"What is your first language, Polish",decimal,,0|1,No|Yes
BiBBS_Baseline,pregnancy_survey,lng_1firstlang_slovak,BiBBS_Baseline.pregnancy_survey.lng_1firstlang_slovak,"What is your first language, Slovakian",decimal,,0|1,No|Yes
BiBBS_Baseline,pregnancy_survey,lng_1firstlang_hungarian,BiBBS_Baseline.pregnancy_survey.lng_1firstlang_hungarian,"What is your first language, Hungarian",decimal,,0|1,No|Yes
BiBBS_Baseline,pregnancy_survey,lng_1firstlang_romanian,BiBBS_Baseline.pregnancy_survey.lng_1firstlang_romanian,"What is your first language, Romanian",decimal,,0|1,No|Yes
BiBBS_Baseline,pregnancy_survey,lng_1firstlang_russian,BiBBS_Baseline.pregnancy_survey.lng_1firstlang_russian,"What is your first language, Russian",decimal,,0|1,No|Yes
BiBBS_Baseline,pregnancy_survey,lng_1firstlang_gujarati,BiBBS_Baseline.pregnancy_survey.lng_1firstlang_gujarati,"What is your first language, Gujarati",decimal,,0|1,No|Yes
BiBBS_Baseline,pregnancy_survey,lng_1firstlang_spanish,BiBBS_Baseline.pregnancy_survey.lng_1firstlang_spanish,"What is your first language, Spanish",decimal,,0|1,No|Yes
BiBBS_Baseline,pregnancy_survey,lng_1firstlang_pashto,BiBBS_Baseline.pregnancy_survey.lng_1firstlang_pashto,"What is your first language, Pashto",decimal,,0|1,No|Yes
BiBBS_Baseline,pregnancy_survey,lng_1firstlang_bengali,BiBBS_Baseline.pregnancy_survey.lng_1firstlang_bengali,"What is your first language, Bengali",decimal,,0|1,No|Yes
BiBBS_Baseline,pregnancy_survey,lng_1firstlang_arabic,BiBBS_Baseline.pregnancy_survey.lng_1firstlang_arabic,"What is your first language, Arabic",decimal,,0|1,No|Yes
BiBBS_Baseline,pregnancy_survey,lng_1firstlang_other,BiBBS_Baseline.pregnancy_survey.lng_1firstlang_other,"What is your first language, Other",decimal,,0|1,No|Yes
BiBBS_Baseline,pregnancy_survey,lng_1firstlang_other_text,BiBBS_Baseline.pregnancy_survey.lng_1firstlang_other_text,Other first language,text,,,
BiBBS_Baseline,pregnancy_survey,lng_1firstlang_number,BiBBS_Baseline.pregnancy_survey.lng_1firstlang_number,Number of first languages recorded,decimal,,,
BiBBS_Baseline,pregnancy_survey,lng_1firstlang_group,BiBBS_Baseline.pregnancy_survey.lng_1firstlang_group,First language grouped,decimal,,1|2|3|4,English|Bilingual including English|Bilingual not including English|Not English
BiBBS_Baseline,pregnancy_survey,lng_1homelang_english,BiBBS_Baseline.pregnancy_survey.lng_1homelang_english,"Which of these languages are usually spoken at home, English",decimal,,0|1,No|Yes
BiBBS_Baseline,pregnancy_survey,lng_1homelang_punjabi,BiBBS_Baseline.pregnancy_survey.lng_1homelang_punjabi,"Which of these languages are usually spoken at home, Punjabi",decimal,,0|1,No|Yes
BiBBS_Baseline,pregnancy_survey,lng_1homelang_urdu,BiBBS_Baseline.pregnancy_survey.lng_1homelang_urdu,"Which of these languages are usually spoken at home, Urdu",decimal,,0|1,No|Yes
BiBBS_Baseline,pregnancy_survey,lng_1homelang_polish,BiBBS_Baseline.pregnancy_survey.lng_1homelang_polish,"Which of these languages are usually spoken at home, Polish",decimal,,0|1,No|Yes
BiBBS_Baseline,pregnancy_survey,lng_1homelang_slovak,BiBBS_Baseline.pregnancy_survey.lng_1homelang_slovak,"Which of these languages are usually spoken at home, Slovakian",decimal,,0|1,No|Yes
BiBBS_Baseline,pregnancy_survey,lng_1homelang_hungarian,BiBBS_Baseline.pregnancy_survey.lng_1homelang_hungarian,"Which of these languages are usually spoken at home, Hungarian",decimal,,0|1,No|Yes
BiBBS_Baseline,pregnancy_survey,lng_1homelang_romanian,BiBBS_Baseline.pregnancy_survey.lng_1homelang_romanian,"Which of these languages are usually spoken at home, Romanian",decimal,,0|1,No|Yes
BiBBS_Baseline,pregnancy_survey,lng_1homelang_russian,BiBBS_Baseline.pregnancy_survey.lng_1homelang_russian,"Which of these languages are usually spoken at home, Russian",decimal,,0|1,No|Yes
BiBBS_Baseline,pregnancy_survey,lng_1homelang_gujarati,BiBBS_Baseline.pregnancy_survey.lng_1homelang_gujarati,"Which of these languages are usually spoken at home, Gujarati",decimal,,0|1,No|Yes
BiBBS_Baseline,pregnancy_survey,lng_1homelang_spanish,BiBBS_Baseline.pregnancy_survey.lng_1homelang_spanish,"Which of these languages are usually spoken at home, Spanish",decimal,,0|1,No|Yes
BiBBS_Baseline,pregnancy_survey,lng_1homelang_pashto,BiBBS_Baseline.pregnancy_survey.lng_1homelang_pashto,"Which of these languages are usually spoken at home, Pashto",decimal,,0|1,No|Yes
BiBBS_Baseline,pregnancy_survey,lng_1homelang_bengali,BiBBS_Baseline.pregnancy_survey.lng_1homelang_bengali,"Which of these languages are usually spoken at home, Bengali",decimal,,0|1,No|Yes
BiBBS_Baseline,pregnancy_survey,lng_1homelang_arabic,BiBBS_Baseline.pregnancy_survey.lng_1homelang_arabic,"Which of these languages are usually spoken at home, Arabic",decimal,,0|1,No|Yes
BiBBS_Baseline,pregnancy_survey,lng_1homelang_other,BiBBS_Baseline.pregnancy_survey.lng_1homelang_other,"Which of these languages are usually spoken at home, Other",decimal,,0|1,No|Yes
BiBBS_Baseline,pregnancy_survey,lng_1homelang_other_text,BiBBS_Baseline.pregnancy_survey.lng_1homelang_other_text,"Which of these languages are usually spoken at home, other (free text)",text,,,
BiBBS_Baseline,pregnancy_survey,lng_1englishlrws_listen,BiBBS_Baseline.pregnancy_survey.lng_1englishlrws_listen,If English not first language: how well can understand what people saying in Eng,decimal,,1|2|3|4|5,Not at all|A little bit|Some|Quite well|Very well
BiBBS_Baseline,pregnancy_survey,lng_1englishlrws_read,BiBBS_Baseline.pregnancy_survey.lng_1englishlrws_read,If English not first language: how well can read in English,decimal,,1|2|3|4|5,Not at all|A little bit|Some|Quite well|Very well
BiBBS_Baseline,pregnancy_survey,lng_1englishlrws_write,BiBBS_Baseline.pregnancy_survey.lng_1englishlrws_write,If English not first language: how well can write in English,decimal,,1|2|3|4|5,Not at all|A little bit|Some|Quite well|Very well
BiBBS_Baseline,pregnancy_survey,lng_1englishlrws_speak,BiBBS_Baseline.pregnancy_survey.lng_1englishlrws_speak,If English not first language: how well can speak English,decimal,,1|2|3|4|5,Not at all|A little bit|Some|Quite well|Very well
BiBBS_Baseline,pregnancy_survey,lng_1readtochild,BiBBS_Baseline.pregnancy_survey.lng_1readtochild,If have children pre school/ primary school age; days typical week that read wit,decimal,,1|2|3|4|5|6|7|8|9,0 days a week|1 day a week|2 days a week|3 days a week|4 days a week|5 days a week|6 days a week|7 days a week|Not applicable (children too old)
BiBBS_Baseline,pregnancy_survey,lng_2_present,BiBBS_Baseline.pregnancy_survey.lng_2_present,Whether lng_2* questions were asked in version (asked in Long 1 to Long 4),decimal,,0|1,No|Yes
BiBBS_Baseline,pregnancy_survey,lng_2outside_english,BiBBS_Baseline.pregnancy_survey.lng_2outside_english,"Languages do you speak most often outside the home, English",decimal,,0|1,No|Yes
BiBBS_Baseline,pregnancy_survey,lng_2outside_punjabi,BiBBS_Baseline.pregnancy_survey.lng_2outside_punjabi,"Languages do you speak most often outside the home, Punjabi",decimal,,0|1,No|Yes
BiBBS_Baseline,pregnancy_survey,lng_2outside_urdu,BiBBS_Baseline.pregnancy_survey.lng_2outside_urdu,"Languages do you speak most often outside the home, Urdu",decimal,,0|1,No|Yes
BiBBS_Baseline,pregnancy_survey,lng_2outside_polish,BiBBS_Baseline.pregnancy_survey.lng_2outside_polish,"Languages do you speak most often outside the home, Polish",decimal,,0|1,No|Yes
BiBBS_Baseline,pregnancy_survey,lng_2outside_slovak,BiBBS_Baseline.pregnancy_survey.lng_2outside_slovak,"Languages do you speak most often outside the home, Slovakian",decimal,,0|1,No|Yes
BiBBS_Baseline,pregnancy_survey,lng_2outside_hungarian,BiBBS_Baseline.pregnancy_survey.lng_2outside_hungarian,"Languages do you speak most often outside the home, Hungarian",decimal,,0|1,No|Yes
BiBBS_Baseline,pregnancy_survey,lng_2outside_romanian,BiBBS_Baseline.pregnancy_survey.lng_2outside_romanian,"Languages do you speak most often outside the home, Romanian",decimal,,0|1,No|Yes
BiBBS_Baseline,pregnancy_survey,lng_2outside_russian,BiBBS_Baseline.pregnancy_survey.lng_2outside_russian,"Languages do you speak most often outside the home, Russian",decimal,,0|1,No|Yes
BiBBS_Baseline,pregnancy_survey,lng_2outside_gujarati,BiBBS_Baseline.pregnancy_survey.lng_2outside_gujarati,"Languages do you speak most often outside the home, Gujarati",decimal,,0|1,No|Yes
BiBBS_Baseline,pregnancy_survey,lng_2outside_spanish,BiBBS_Baseline.pregnancy_survey.lng_2outside_spanish,"Languages do you speak most often outside the home, Spanish",decimal,,0|1,No|Yes
BiBBS_Baseline,pregnancy_survey,lng_2outside_pashto,BiBBS_Baseline.pregnancy_survey.lng_2outside_pashto,"Languages do you speak most often outside the home, Pashto",decimal,,0|1,No|Yes
BiBBS_Baseline,pregnancy_survey,lng_2outside_bengali,BiBBS_Baseline.pregnancy_survey.lng_2outside_bengali,"Languages do you speak most often outside the home, Bengali",decimal,,0|1,No|Yes
BiBBS_Baseline,pregnancy_survey,lng_2outside_arabic,BiBBS_Baseline.pregnancy_survey.lng_2outside_arabic,"Languages do you speak most often outside the home, Arabic",decimal,,0|1,No|Yes
BiBBS_Baseline,pregnancy_survey,lng_2outside_other,BiBBS_Baseline.pregnancy_survey.lng_2outside_other,"Languages do you speak most often outside the home, other",decimal,,0|1,No|Yes
BiBBS_Baseline,pregnancy_survey,lng_2outside_other_text,BiBBS_Baseline.pregnancy_survey.lng_2outside_other_text,"Languages do you speak most often outside the home, other",text,,,
BiBBS_Baseline,pregnancy_survey,lng_3_present,BiBBS_Baseline.pregnancy_survey.lng_3_present,Whether lng_3* questions were asked in version (asked in Long 1 to Long 3),decimal,,0|1,No|Yes
BiBBS_Baseline,pregnancy_survey,lng_3child_english,BiBBS_Baseline.pregnancy_survey.lng_3child_english,If have children: do they speak English,decimal,,0|1,No|Yes
BiBBS_Baseline,pregnancy_survey,lng_3child_punjabi,BiBBS_Baseline.pregnancy_survey.lng_3child_punjabi,If have children: do they speak Punjabi,decimal,,0|1,No|Yes
BiBBS_Baseline,pregnancy_survey,lng_3child_urdu,BiBBS_Baseline.pregnancy_survey.lng_3child_urdu,If have children: do they speak Urdu,decimal,,0|1,No|Yes
BiBBS_Baseline,pregnancy_survey,lng_3child_polish,BiBBS_Baseline.pregnancy_survey.lng_3child_polish,If have children: do they speak Polish,decimal,,0|1,No|Yes
BiBBS_Baseline,pregnancy_survey,lng_3child_slovak,BiBBS_Baseline.pregnancy_survey.lng_3child_slovak,If have children: do they speak Slovakian,decimal,,0|1,No|Yes
BiBBS_Baseline,pregnancy_survey,lng_3child_hungarian,BiBBS_Baseline.pregnancy_survey.lng_3child_hungarian,If have children: do they speak Hungarian,decimal,,0|1,No|Yes
BiBBS_Baseline,pregnancy_survey,lng_3child_romanian,BiBBS_Baseline.pregnancy_survey.lng_3child_romanian,If have children: do they speak Romanian,decimal,,0|1,No|Yes
BiBBS_Baseline,pregnancy_survey,lng_3child_russian,BiBBS_Baseline.pregnancy_survey.lng_3child_russian,If have children: do they speak Russian,decimal,,0|1,No|Yes
BiBBS_Baseline,pregnancy_survey,lng_3child_gujarati,BiBBS_Baseline.pregnancy_survey.lng_3child_gujarati,If have children: do they speak Gujarati,decimal,,0|1,No|Yes
BiBBS_Baseline,pregnancy_survey,lng_3child_spanish,BiBBS_Baseline.pregnancy_survey.lng_3child_spanish,If have children: do they speak Spanish,decimal,,0|1,No|Yes
BiBBS_Baseline,pregnancy_survey,lng_3child_pashto,BiBBS_Baseline.pregnancy_survey.lng_3child_pashto,If have children: do they speak Pashto,decimal,,0|1,No|Yes
BiBBS_Baseline,pregnancy_survey,lng_3child_bengali,BiBBS_Baseline.pregnancy_survey.lng_3child_bengali,If have children: do they speak Bengali,decimal,,0|1,No|Yes
BiBBS_Baseline,pregnancy_survey,lng_3child_arabic,BiBBS_Baseline.pregnancy_survey.lng_3child_arabic,If have children: do they speak Arabic,decimal,,0|1,No|Yes
BiBBS_Baseline,pregnancy_survey,lng_3child_other,BiBBS_Baseline.pregnancy_survey.lng_3child_other,If have children: do they speak Other language,decimal,,0|1,No|Yes
BiBBS_Baseline,pregnancy_survey,lng_3firstlng_listen,BiBBS_Baseline.pregnancy_survey.lng_3firstlng_listen,How well can do in own language: Listen,decimal,,1|2|3|4|5|6,Not at all|A little bit|Some|Quite well|Very well|Does not apply
BiBBS_Baseline,pregnancy_survey,lng_3firstlng_read,BiBBS_Baseline.pregnancy_survey.lng_3firstlng_read,How well can do in own language: Read,decimal,,1|2|3|4|5|6,Not at all|A little bit|Some|Quite well|Very well|Does not apply
BiBBS_Baseline,pregnancy_survey,lng_3firstlng_write,BiBBS_Baseline.pregnancy_survey.lng_3firstlng_write,How well can do in own language: Write,decimal,,1|2|3|4|5|6,Not at all|A little bit|Some|Quite well|Very well|Does not apply
BiBBS_Baseline,pregnancy_survey,lng_3firstlng_speak,BiBBS_Baseline.pregnancy_survey.lng_3firstlng_speak,How well can do in own language: Speak,decimal,,1|2|3|4|5|6,Not at all|A little bit|Some|Quite well|Very well|Does not apply
BiBBS_Baseline,pregnancy_survey,lng_3importeng,BiBBS_Baseline.pregnancy_survey.lng_3importeng,How important is that that your child learns English before starting school,decimal,,1|2|3,Important that my child learns English before starting school|It does not matter to me|Important that my child does not learn English before starting school
BiBBS_Baseline,pregnancy_survey,lng_3bookadults,BiBBS_Baseline.pregnancy_survey.lng_3bookadults,How many books for adults do you have in your home?,decimal,,1|2|3,0 to 10|11 to 50|more than 50
BiBBS_Baseline,pregnancy_survey,lng_3bookpleasure,BiBBS_Baseline.pregnancy_survey.lng_3bookpleasure,How often do you read books for pleasure?,decimal,,1|2|3|4|5,(Almost) never|Once or twice a month|About once a week|Several times a week|Daily
BiBBS_Baseline,pregnancy_survey,lng_3bookchild,BiBBS_Baseline.pregnancy_survey.lng_3bookchild,How many books for children do you have in your home?,decimal,,1|2|3,0 to 10|11 to 50|more than 50
BiBBS_Baseline,pregnancy_survey,lng_1readtochild2,BiBBS_Baseline.pregnancy_survey.lng_1readtochild2,How many days in a typical week do you read with your child(ren)?,decimal,,1|2|3|4|5|6|7|8|9,0 days a week|1 day a week|2 days a week|3 days a week|4 days a week|5 days a week|6 days a week|7 days a week|Not applicable (no children/ children too old)
BiBBS_Baseline,pregnancy_survey,edu_mhighested,BiBBS_Baseline.pregnancy_survey.edu_mhighested,Highest qualification (equivalised),decimal,,1|2|3|4|5|6|7,No qualifications|5 or less GCSE (grades A-C) or equivalent|5 or more GCSE (grades A-C) or equivalent|A levels or equivalent|Degree or equivalent|Don't know|Other
BiBBS_Baseline,pregnancy_survey,edu_fhighested,BiBBS_Baseline.pregnancy_survey.edu_fhighested,Highest qualification of partner(equivalised),decimal,,1|2|3|4|5|6|7,No qualifications|5 or less GCSE (grades A-C) or equivalent|5 or more GCSE (grades A-C) or equivalent|A levels or equivalent|Degree or equivalent|Don't know|Other
BiBBS_Baseline,pregnancy_survey,edu_medcountry,BiBBS_Baseline.pregnancy_survey.edu_medcountry,Country obtained highest qualification,decimal,,1|10|2|3|4|5|6|7|8|9,England|No qualifications|Pakistan|India|Bangladesh|Poland|Slovakia|Hungary|Elsewhere|Don't know
BiBBS_Baseline,pregnancy_survey,edu_fedcountry,BiBBS_Baseline.pregnancy_survey.edu_fedcountry,Country obtained highest qualification - partner,decimal,,1|10|2|3|4|5|6|7|8|9,England|No qualifications|Pakistan|India|Bangladesh|Poland|Slovakia|Hungary|Elsewhere|Don't know
BiBBS_Baseline,pregnancy_survey,emp_1_present,BiBBS_Baseline.pregnancy_survey.emp_1_present,Whether asked this in questionnaire version (All Versions),decimal,,0|1,No|Yes
BiBBS_Baseline,pregnancy_survey,emp_1employed,BiBBS_Baseline.pregnancy_survey.emp_1employed,Are you currently employed?,decimal,,1|2,Yes|No
BiBBS_Baseline,pregnancy_survey,emp_1pemployed,BiBBS_Baseline.pregnancy_survey.emp_1pemployed,"
	Is your partner currently employed?",decimal,,1|2|3|4,Yes|No|Don't know|NT
BiBBS_Baseline,pregnancy_survey,emp_2_present,BiBBS_Baseline.pregnancy_survey.emp_2_present,Whether asked this in questionnaire version (Long 1 to Long 4),decimal,,0|1,No|Yes
BiBBS_Baseline,pregnancy_survey,emp_2employstatus_d,BiBBS_Baseline.pregnancy_survey.emp_2employstatus_d,Employment Status Dervied,decimal,,1|2|3|4|5|6|7,Employers-Large Organisations Code 1|Employers-Small Organisations Code 2|Self-Employed No Employees Code 3|Managers-Large Organisations Code 4|Managers-Small Organisations Code 5|Supervisors Code 6|Other Employees Code 7
BiBBS_Baseline,pregnancy_survey,emp_2NSSEC_Occupation_d,BiBBS_Baseline.pregnancy_survey.emp_2NSSEC_Occupation_d,NS-SEC Occupation Class Dervied,decimal,,1|2|3|4|5,"Managerial, administrative and professional occupations|Intermediate occupations|Small employers and own account workers|Lower supervisory and technical occupations|Semi-routine and routine occupations"
BiBBS_Baseline,pregnancy_survey,emp_2employstatusp_d,BiBBS_Baseline.pregnancy_survey.emp_2employstatusp_d,Partner NS-SEC Occupation Class Dervied,decimal,,1|2|3|4|5|6|7,Employers-Large Organisations Code 1|Employers-Small Organisations Code 2|Self-Employed No Employees Code 3|Managers-Large Organisations Code 4|Managers-Small Organisations Code 5|Supervisors Code 6|Other Employees Code 7
BiBBS_Baseline,pregnancy_survey,emp_2NSSEC_Occupationp_d,BiBBS_Baseline.pregnancy_survey.emp_2NSSEC_Occupationp_d,NS-SEC Partner Occupation Class Derived,decimal,,1|2|3|4|5,"Managerial, administrative and professional occupations|Intermediate occupations|Small employers and own account workers|Lower supervisory and technical occupations|Semi-routine and routine occupations"
BiBBS_Baseline,pregnancy_survey,emp_2geverworked,BiBBS_Baseline.pregnancy_survey.emp_2geverworked,Have you ever worked before?,decimal,,1|2|3,Yes|No|NT
BiBBS_Baseline,pregnancy_survey,emp_2gcurrentmatsicklv,BiBBS_Baseline.pregnancy_survey.emp_2gcurrentmatsicklv,Are you currently on maternity leave or sick leave?,decimal,,1|2|3,Yes|No|NT
BiBBS_Baseline,pregnancy_survey,emp_2gemployee,BiBBS_Baseline.pregnancy_survey.emp_2gemployee,"Please answer the following questions about your current job, or about your prev",decimal,,1|2|3|4|5,Employee|Self-employed with employees|Self-employed/freelance without employees|Student in training (apprentice)|NT
BiBBS_Baseline,pregnancy_survey,emp_2gnoemployees,BiBBS_Baseline.pregnancy_survey.emp_2gnoemployees,How many people work/worked for your employer at the place where you work/worked,decimal,,1|2|3|4|5|6|7,Work alone|1-5 people|6-24 people|25-49 people|50-499 people|500 or more|NT
BiBBS_Baseline,pregnancy_survey,emp_2gnoemployeesselfempl,BiBBS_Baseline.pregnancy_survey.emp_2gnoemployeesselfempl,How many people did/do you employ?,decimal,,1|2|3,1-24|25 or more|NT
BiBBS_Baseline,pregnancy_survey,emp_2gsuperviseempl,BiBBS_Baseline.pregnancy_survey.emp_2gsuperviseempl,Do/did you supervise any other employees? (A supervisor or foreman is responsibl,decimal,,1|2|3,Yes|No|NT
BiBBS_Baseline,pregnancy_survey,emp_2gpartneremployee,BiBBS_Baseline.pregnancy_survey.emp_2gpartneremployee,"Please answer the following questions about your partner's current job, or about",decimal,,1|2|3|4|5|6,Employee|Self-employed with employees|Self-employed/freelance without employees|Student in training (apprentice)|Don't know|NT
BiBBS_Baseline,pregnancy_survey,emp_2gpartneremployees,BiBBS_Baseline.pregnancy_survey.emp_2gpartneremployees,How many people work/worked for the employer at the place where your partner wor,decimal,,1|2|3|4|5|6|7|8,Work alone|1-5 people|6-24 people|25-49 people|50-499 people|500 or more people|Don't know|NT
BiBBS_Baseline,pregnancy_survey,emp_2gpartemployselfemplo,BiBBS_Baseline.pregnancy_survey.emp_2gpartemployselfemplo,How many people does (did) your partner employ?,decimal,,1|2|3|4,1-24 people|25 or more|Don't know|NT
BiBBS_Baseline,pregnancy_survey,emp_2gpartnersupervise,BiBBS_Baseline.pregnancy_survey.emp_2gpartnersupervise,"
	Does (did) your partner supervise any other employees? (A supervisor or forema",decimal,,1|2|3,No|Yes|NT
BiBBS_Baseline,pregnancy_survey,emp_3_present,BiBBS_Baseline.pregnancy_survey.emp_3_present,Whether asked this in questionnaire version (Long 1 to Long 3),decimal,,0|1,No|Yes
BiBBS_Baseline,pregnancy_survey,emp_3gpartnereverwork,BiBBS_Baseline.pregnancy_survey.emp_3gpartnereverwork,Has your partner ever worked before?,decimal,,1|2|3,Yes|No|NT
BiBBS_Baseline,pregnancy_survey,fin_1_present,BiBBS_Baseline.pregnancy_survey.fin_1_present,Whether asked in questionnaire version: All versions),decimal,,0|1,No|Yes
BiBBS_Baseline,pregnancy_survey,fin_1finman,BiBBS_Baseline.pregnancy_survey.fin_1finman,"
	How well would you say you (and your partner) are managing financially these d",decimal,,1|2|3|4|5|6|7,Living comfortably|Doing alright|Just about getting by|Finding it quite difficult|Finding it very difficult|Do not wish to answer|Don't know
BiBBS_Baseline,pregnancy_survey,fin_2_present,BiBBS_Baseline.pregnancy_survey.fin_2_present,Whether asked in questionnaire version: Long version 1 to 4),decimal,,0|1,No|Yes
BiBBS_Baseline,pregnancy_survey,fin_2fincomp,BiBBS_Baseline.pregnancy_survey.fin_2fincomp,"Compared to a year ago, how would you say you (and your partner) are doing finan",decimal,,1|2|3|4|5|6,Better off|About the same|Worse off|Do not wish to answer|Don't know|NT
BiBBS_Baseline,pregnancy_survey,fin_2foodlast,BiBBS_Baseline.pregnancy_survey.fin_2foodlast,How often food bought not last and no money to buy more,decimal,,1|2|3|4|5,Never true|Sometimes true|Often true|Do not wish to answer|NT
BiBBS_Baseline,pregnancy_survey,fin_2foodbalance,BiBBS_Baseline.pregnancy_survey.fin_2foodbalance,I couldn't afford to eat balanced meals.,decimal,,1|2|3|4|5,Never true|Sometimes true|Often true|Do not wish to answer|NT
BiBBS_Baseline,pregnancy_survey,fin_2foodcutsize,BiBBS_Baseline.pregnancy_survey.fin_2foodcutsize,Did you ever cut the size of your meals/ eat less/ skip meals because there wasn,decimal,,1|2|3|4,No|Yes|Do not wish to answer|NT
BiBBS_Baseline,pregnancy_survey,fin_2cutmeals,BiBBS_Baseline.pregnancy_survey.fin_2cutmeals,How often did this happen?,decimal,,1|2|3|4|5,Less than once a month but a few times|Not every week but at least once a month|Every week|Don't know|NT
BiBBS_Baseline,pregnancy_survey,fin_2ladderlocal,BiBBS_Baseline.pregnancy_survey.fin_2ladderlocal,Where do you stand on ladder: Local neighbourhood,decimal,,1|10|11|12|2|3|4|5|6|7|8|9,1 (lowest)|10 (highest)|Do not wish to answer|NT|2|3|4|5|6|7|8|9
BiBBS_Baseline,pregnancy_survey,fin_2ladderengld,BiBBS_Baseline.pregnancy_survey.fin_2ladderengld,Where do you stand on ladder: England,decimal,,1|10|11|12|2|3|4|5|6|7|8|9,1 (lowest)|10 (highest)|Do not wish to answer|NT|2|3|4|5|6|7|8|9
BiBBS_Baseline,pregnancy_survey,soc_1_present,BiBBS_Baseline.pregnancy_survey.soc_1_present,Whether asked in questionnaire version: All versions,decimal,,0|1,No|Yes
BiBBS_Baseline,pregnancy_survey,soc_1activorgn,BiBBS_Baseline.pregnancy_survey.soc_1activorgn,Do you regularly join in the activities of any organisations or clubs?,decimal,,1|2,Yes|No
BiBBS_Baseline,pregnancy_survey,soc_1hpplcounton,BiBBS_Baseline.pregnancy_survey.soc_1hpplcounton,How many people can you count on in times of need?,decimal,,1|10|11|12|2|3|4|5|6|7|8|9,0|9|10 or more|Don't know|1|2|3|4|5|6|7|8
BiBBS_Baseline,pregnancy_survey,soc_2_present,BiBBS_Baseline.pregnancy_survey.soc_2_present,"Whether asked in questionnaire version: Long 1 to Long 4 (2,114)",decimal,,0|1,No|Yes
BiBBS_Baseline,pregnancy_survey,soc_2hpplinbh,BiBBS_Baseline.pregnancy_survey.soc_2hpplinbh,How many of the people you can count on are from your neighbourhood?,decimal,,1|2|3|4|5,None|Some|Most|All|NT
BiBBS_Baseline,pregnancy_survey,soc_2clattached,BiBBS_Baseline.pregnancy_survey.soc_2clattached,I feel closely attached to my family,decimal,,1|2|3|4|5|6|7,Strongly agree|Agree|Neither agree nor disagree|Disagree|Strongly disagree|Do not wish to answer|NT
BiBBS_Baseline,pregnancy_survey,soc_2famnotice,BiBBS_Baseline.pregnancy_survey.soc_2famnotice,My family takes notice of my opinions.,decimal,,1|2|3|4|5|6|7,Strongly agree|Agree|Neither agree nor disagree|Disagree|Strongly disagree|Do not wish to answer|NT
BiBBS_Baseline,pregnancy_survey,soc_2excluded,BiBBS_Baseline.pregnancy_survey.soc_2excluded,Sometimes I feel excluded in my own family.,decimal,,1|2|3|4|5|6|7,Strongly agree|Agree|Neither agree nor disagree|Disagree|Strongly disagree|Do not wish to answer|NT
BiBBS_Baseline,pregnancy_survey,soc_2plisten,BiBBS_Baseline.pregnancy_survey.soc_2plisten,My partner doesn't seem to listen to me.,decimal,,1|2|3|4|5|6|7,Strongly agree|Agree |Neither agree nor disagree|Disagree|Strongly disagree|Do not wish to answer|NT
BiBBS_Baseline,pregnancy_survey,soc_2warmth,BiBBS_Baseline.pregnancy_survey.soc_2warmth,I wish there was more warmth and affection between us.,decimal,,1|2|3|4|5|6|7,Strongly agree|Agree|Neither agree nor disagree|Disagree|Strongly disagree|Do not wish to answer|NT
BiBBS_Baseline,pregnancy_survey,soc_3_present,BiBBS_Baseline.pregnancy_survey.soc_3_present,"Whether asked in questionnaire version: all versions except Long 4 (1,476)",decimal,,0|1,No|Yes
BiBBS_Baseline,pregnancy_survey,soc_3freqargue,BiBBS_Baseline.pregnancy_survey.soc_3freqargue,How often do you and your partner argue,decimal,,1|2|3|4|5|6|7,Most days|At least once a week|Less than once a week|Hardly ever|Never|Do not wish to answer|NT
BiBBS_Baseline,pregnancy_survey,soc_3relseen,BiBBS_Baseline.pregnancy_survey.soc_3relseen,How many relatives outside household do you see once a week or more often,decimal,,1|10|11|12|13|2|3|4|5|6|7|8|9,0|9|10 or more|Don't know|NT|1|2|3|4|5|6|7|8
BiBBS_Baseline,pregnancy_survey,soc_3childcntr,BiBBS_Baseline.pregnancy_survey.soc_3childcntr,Do you know where to find your nearest Children’s centre or community centre,decimal,,1|2|3,Yes|No|NT
BiBBS_Baseline,pregnancy_survey,soc_3nursery,BiBBS_Baseline.pregnancy_survey.soc_3nursery,"If you have children already, do they regularly attend any of these, nursery",decimal,,0|1,No|Yes
BiBBS_Baseline,pregnancy_survey,soc_3playgroup,BiBBS_Baseline.pregnancy_survey.soc_3playgroup,"If you have children already, do they regularly attend any of these, playgroup/ ",decimal,,0|1,No|Yes
BiBBS_Baseline,pregnancy_survey,soc_3ccntreact,BiBBS_Baseline.pregnancy_survey.soc_3ccntreact,"If you have children already, do they regularly attend any of these, Children's ",decimal,,0|1,No|Yes
BiBBS_Baseline,pregnancy_survey,soc_3schtrips,BiBBS_Baseline.pregnancy_survey.soc_3schtrips,"If you have children already, do they regularly attend any of these, school trip",decimal,,0|1,No|Yes
BiBBS_Baseline,pregnancy_survey,soc_3noneactiv,BiBBS_Baseline.pregnancy_survey.soc_3noneactiv,"If you have children already, do they regularly attend any of these, none of the",decimal,,0|1,No|Yes
BiBBS_Baseline,pregnancy_survey,par_1_present,BiBBS_Baseline.pregnancy_survey.par_1_present,Whether asked in questionnaire version: All versions,decimal,,0|1,No|Yes
BiBBS_Baseline,pregnancy_survey,par_1feelingsbaby,BiBBS_Baseline.pregnancy_survey.par_1feelingsbaby,"Over the past two weeks when I have spoken about, or thought about the baby insi",decimal,,1|2|3|4|5|6,Very weak or non-existent|Fairly weak|In between strong and weak|Fairly strong|Very strong|Do not wish to answer
BiBBS_Baseline,pregnancy_survey,par_1touchstomach,BiBBS_Baseline.pregnancy_survey.par_1touchstomach,"Over the past two weeks I have found myself feeling, or rubbing with my hand, th",decimal,,1|2|3|4|5|6,A lot of times each day|At least once per day|Occasionally |Once only|Not at all|Do not wish to answer
BiBBS_Baseline,pregnancy_survey,par_1trybreastfeed,BiBBS_Baseline.pregnancy_survey.par_1trybreastfeed,"
	I am planning to at least give breastfeeding a try",decimal,,1|2|3|4|5|6,Very much agree|Somewhat agree|Unsure|Somewhat disagree|Very much disagree|Don't know
BiBBS_Baseline,pregnancy_survey,par_2_present,BiBBS_Baseline.pregnancy_survey.par_2_present,"Whether asked in questionnaire version: Long 1 to Long 4 (2,114)",decimal,,0|1,No|Yes
BiBBS_Baseline,pregnancy_survey,par_2preoccupbaby,BiBBS_Baseline.pregnancy_survey.par_2preoccupbaby,Over past 2wks have thought about/ been preoccupied with baby inside me,decimal,,1|2|3|4|5|6|7,Almost all the time|Very frequently|Frequently|Occasionally|Not at all|Do not wish to answer|NT
BiBBS_Baseline,pregnancy_survey,par_2typefeelbaby,BiBBS_Baseline.pregnancy_survey.par_2typefeelbaby,Over past 2wks my feelings about the baby inside me have been,decimal,,1|2|3|4|5|6|7,Very positive|Mainly positive|Mixed positive and negative|Mainly negative|Very negative|Do not wish to answer|NT
BiBBS_Baseline,pregnancy_survey,par_2desirefrinfo,BiBBS_Baseline.pregnancy_survey.par_2desirefrinfo,Over past 2wks had desire to read about/ get information about the developing ba,decimal,,1|2|3|4|5|6|7,Very weak or non-existent|Fairly weak|Neither strong nor weak|Moderately strong|Very strong|Do not wish to answer|NT
BiBBS_Baseline,pregnancy_survey,par_2babydevlook,BiBBS_Baseline.pregnancy_survey.par_2babydevlook,Over past 2wks been trying to picture in my mind what the developing baby looks ,decimal,,1|2|3|4|5|6|7,Almost all the time|Very frequently|Frequently|Occasionally|Not at all|Do not wish to answer|NT
BiBBS_Baseline,pregnancy_survey,par_2developbaby,BiBBS_Baseline.pregnancy_survey.par_2developbaby,Over past 2wks I think of the developing baby mostly as,decimal,,1|2|3|4|5|6|7,A real little person with special characteristics|A baby like any other baby|A human being|A living thing|A thing not yet really alive|Do not wish to answer|NT
BiBBS_Baseline,pregnancy_survey,par_2babydepend,BiBBS_Baseline.pregnancy_survey.par_2babydepend,Over past 2wks I have felt that the baby inside me is dependent on me for its we,decimal,,1|2|3|4|5|6|7,Totally|A great deal|Moderately|Slightly|Not at all|Do not wish to answer|NT
BiBBS_Baseline,pregnancy_survey,par_2talktobaby,BiBBS_Baseline.pregnancy_survey.par_2talktobaby,Over past 2wks I have found myself talking to my baby when I am alone,decimal,,1|2|3|4|5|6|7,Not at all|Occasionally|Frequently|Very frequently|Almost all the time I am alone|Do not wish to answer|NT
BiBBS_Baseline,pregnancy_survey,par_2thoughtsbaby,BiBBS_Baseline.pregnancy_survey.par_2thoughtsbaby,"Over past 2wks I think about (or talk to) my baby inside me, my thoughts",decimal,,1|2|3|4|5|6|7,Are always tender and loving|Are mostly tender and loving|Are a mixture of both tenderness and irritation|Contain a fair bit of irritation|Contain a lot of irritation|Do not wish to answer|NT
BiBBS_Baseline,pregnancy_survey,par_2picturebaby,BiBBS_Baseline.pregnancy_survey.par_2picturebaby,The picture in my mind of what the baby at this stage looks like inside the womb,decimal,,1|2|3|4|5|6|7,Very clear|Fairly clear|Fairly vague|Very vague|I have no idea at all|Do not wish to answer|NT
BiBBS_Baseline,pregnancy_survey,par_2feelings,BiBBS_Baseline.pregnancy_survey.par_2feelings,Over past 2wks when I think about the baby inside me I get feelings which are,decimal,,1|2|3|4|5|6|7,Very sad|Moderately sad|A mixture of happiness and sadness|Moderately happy|Very happy|Do not wish to answer|NT
BiBBS_Baseline,pregnancy_survey,par_2howfelt,BiBBS_Baseline.pregnancy_survey.par_2howfelt,Over past 2wks I have felt,decimal,,1|2|3|4|5|6|7,Very emotionally distant from my baby|Moderately emotionally distant from my baby|Not particularly emotionally close to my baby|Moderately close emotionally to my baby|Very close emotionally to my baby|Do not wish to answer|NT
BiBBS_Baseline,pregnancy_survey,par_2dietforbaby,BiBBS_Baseline.pregnancy_survey.par_2dietforbaby,Over past 2wks I have taken care with what I eat to make sure the baby gets a go,decimal,,1|2|3|4|5|6|7,Not at all|Once or twice when I ate|Occasionally when I ate|Quite often when I ate|Every time I ate|Do not wish to answer|NT
BiBBS_Baseline,pregnancy_survey,par_2firstseebaby,BiBBS_Baseline.pregnancy_survey.par_2firstseebaby,When I first see my baby after the birth I expect I will feel,decimal,,1|2|3|4|5|6|7,Intense affection|Mostly affection|Dislike about one or two aspects of the baby|Dislike about quite a few aspects of the baby|Mostly dislike|Do not wish to answer|NT
BiBBS_Baseline,pregnancy_survey,par_2whenholdbaby,BiBBS_Baseline.pregnancy_survey.par_2whenholdbaby,When my baby is born I would like to hold the baby,decimal,,1|2|3|4|5|6|7,Immediately|After it has been wrapped in a blanket|After it has been washed|After a few hours for things to settle down|The next day|Do not wish to answer|NT
BiBBS_Baseline,pregnancy_survey,par_2dreamsbaby,BiBBS_Baseline.pregnancy_survey.par_2dreamsbaby,Over past 2wks I have had dreams about the pregnancy or baby,decimal,,1|2|3|4|5|6|7,Not at all|Occasionally|Frequently|Very frequently|Almost every night|Do not wish to answer|NT
BiBBS_Baseline,pregnancy_survey,par_2onlyformula,BiBBS_Baseline.pregnancy_survey.par_2onlyformula,I am planning to only formula feed my baby,decimal,,1|2|3|4|5|6|7,Very much agree|Somewhat agree|Unsure|Somewhat disagree|Very much disagree|Don't know|NT
BiBBS_Baseline,pregnancy_survey,par_2bfeed1month,BiBBS_Baseline.pregnancy_survey.par_2bfeed1month,"When baby 1 month, will be breastfeeding without any formula/ other milk",decimal,,1|2|3|4|5|6|7,Very much agree|Somewhat agree|Unsure|Somewhat disagree|Very much disagree|Don't know|NT
BiBBS_Baseline,pregnancy_survey,par_2bfeed3month,BiBBS_Baseline.pregnancy_survey.par_2bfeed3month,"When baby 3 months, will be breastfeeding without any formula/ other milk",decimal,,1|2|3|4|5|6|7,Very much agree|Somewhat agree|Unsure|Somewhat disagree|Very much disagree|Don't know|NT
BiBBS_Baseline,pregnancy_survey,par_2bfeed6month,BiBBS_Baseline.pregnancy_survey.par_2bfeed6month,"When baby 6 months, will be breastfeeding without any formula/ other milk",decimal,,1|2|3|4|5|6|7,Very much agree|Somewhat agree|Unsure|Somewhat disagree|Very much disagree|Don't know|NT
BiBBS_Baseline,pregnancy_survey,par_3_present,BiBBS_Baseline.pregnancy_survey.par_3_present,Whether asked in questionnaire version: Long 1 to Long 3 (862),decimal,,0|1,No|Yes
BiBBS_Baseline,pregnancy_survey,par_3timingpreg,BiBBS_Baseline.pregnancy_survey.par_3timingpreg,Whether felt pregnancy happened at the right time,decimal,,1|2|3|4,"Right time|OK, but not quite the right time|Wrong time|Do not wish to answer"
BiBBS_Baseline,pregnancy_survey,par_3intentpreg,BiBBS_Baseline.pregnancy_survey.par_3intentpreg,Whether intended to get pregnant,decimal,,1|2|3|4,I intended to get pregnant|My intentions kept changing|I did not intend to get pregnant|Do not wish to answer
BiBBS_Baseline,pregnancy_survey,par_3discuspreg,BiBBS_Baseline.pregnancy_survey.par_3discuspreg,Whether discussed/ agreed with partner before getting pregnant,decimal,,1|2|3|4,Baby's father and I agreed we would like me to be pregnant|Baby's father and I had discussed but hadn't agreed|We never discussed having children together|Do not wish to answer
BiBBS_Baseline,pregnancy_survey,ght_1_present,BiBBS_Baseline.pregnancy_survey.ght_1_present,Whether asked in questionnaire version: All versions,decimal,,0|1,No|Yes
BiBBS_Baseline,pregnancy_survey,ght_1generalhealth,BiBBS_Baseline.pregnancy_survey.ght_1generalhealth,How would you describe your health generally,decimal,,1|2|3|4|5|6|7,Excellent|Very good|Good|Fair|Poor|Do not wish to answer|Don't know
BiBBS_Baseline,pregnancy_survey,ght_1smokeinpreg,BiBBS_Baseline.pregnancy_survey.ght_1smokeinpreg,"Since finding out you were pregnant, how many times did you or do you use tobacc",decimal,,1|2|3|4|5|6|7,none|less than 1 a day|1-5 a day|6-10 a day|11-20 a day|20 a day or more|Do not wish to answer
BiBBS_Baseline,pregnancy_survey,ght_2_present,BiBBS_Baseline.pregnancy_survey.ght_2_present,"Whether asked in questionnaire version: Long 1 to Long 4 (2,114)",decimal,,0|1,No|Yes
BiBBS_Baseline,pregnancy_survey,ght_2dentalhealth,BiBBS_Baseline.pregnancy_survey.ght_2dentalhealth,How would you describe the health of your teeth and mouth?,decimal,,1|2|3|4|5|6|7|8,Excellent|Very good|Good|Fair|Poor|Do not wish to answer|Don't know|NT
BiBBS_Baseline,pregnancy_survey,ght_2partnerhealth,BiBBS_Baseline.pregnancy_survey.ght_2partnerhealth,How would you describe your partner's health generally?,decimal,,1|2|3|4|5|6|7|8,Excellent|Very good|Good|Fair|Poor|Do not wish to answer|Don't know|NT
BiBBS_Baseline,pregnancy_survey,ght_2eversmoke,BiBBS_Baseline.pregnancy_survey.ght_2eversmoke,"
	Did you ever smoke cigarettes or use tobacco before you were pregnant? 
	  Thi",decimal,,1|2|3|4,No|Yes|Do not wish to answer|NT
BiBBS_Baseline,pregnancy_survey,ght_2howoftenifeversmoke,BiBBS_Baseline.pregnancy_survey.ght_2howoftenifeversmoke,How often did you use tobacco products before you were pregnant?,decimal,,1|2|3|4|5|6|7,less than 1 a day|1-5 a day|6-10 a day|11-20 a day|20 a day or more|Do not wish to answer|NT
BiBBS_Baseline,pregnancy_survey,ght_2smokeinhouse,BiBBS_Baseline.pregnancy_survey.ght_2smokeinhouse,Does anybody else smoke in your house (excluding e-cigarettes)?,decimal,,1|2|3|4,No|Yes|Do not wish to answer|NT
BiBBS_Baseline,pregnancy_survey,ght_2alcbeforepreg,BiBBS_Baseline.pregnancy_survey.ght_2alcbeforepreg,Did you drink any alcohol during the three months before this pregnancy?,decimal,,1|2|3|4|5,No|Yes|Do not wish to answer|Don't know|NT
BiBBS_Baseline,pregnancy_survey,ght_2alcinpreg,BiBBS_Baseline.pregnancy_survey.ght_2alcinpreg,Do you drink any alcohol during this pregnancy?,decimal,,1|2|3|4,No|Yes|Do not wish to answer|NT
BiBBS_Baseline,pregnancy_survey,ght_3_present,BiBBS_Baseline.pregnancy_survey.ght_3_present,Whether asked in questionnaire version: Long 1 to Long 3 (862),decimal,,0|1,No|Yes
BiBBS_Baseline,pregnancy_survey,ght_3nonpresdrugs,BiBBS_Baseline.pregnancy_survey.ght_3nonpresdrugs,Have you ever used any non-prescription drugs during/3 mnths before pregnancy,decimal,,1|2|3|4|5,No|Yes|Do not wish to answer|Don't know|NT
BiBBS_Baseline,pregnancy_survey,phq_present,BiBBS_Baseline.pregnancy_survey.phq_present,Whether PHQ questions present: All version,decimal,,0|1,No|Yes
BiBBS_Baseline,pregnancy_survey,phq_total,BiBBS_Baseline.pregnancy_survey.phq_total,PHQ8 total score,decimal,,,
BiBBS_Baseline,pregnancy_survey,phq_category,BiBBS_Baseline.pregnancy_survey.phq_category,PHQ8 category,decimal,,1|2|3|4|5,None|Mild|Moderate|Moderately severe|Severe
BiBBS_Baseline,pregnancy_survey,phq_q1,BiBBS_Baseline.pregnancy_survey.phq_q1,Little interest or pleasure in doing things,decimal,,1|2|3|4|5,Not at all|Several days|More than half the days|Nearly every day|Do not wish to answer
BiBBS_Baseline,pregnancy_survey,phq_q2,BiBBS_Baseline.pregnancy_survey.phq_q2,"Feeling down, depressed, or hopeless",decimal,,1|2|3|4|5,Not at all|Several days|More than half the days|Nearly every day|Do not wish to answer
BiBBS_Baseline,pregnancy_survey,phq_q3,BiBBS_Baseline.pregnancy_survey.phq_q3,"Trouble falling or staying asleep, or sleeping too much",decimal,,1|2|3|4|5,Not at all|Several days|More than half the days|Nearly every day|Do not wish to answer
BiBBS_Baseline,pregnancy_survey,phq_q4,BiBBS_Baseline.pregnancy_survey.phq_q4,Feeling tired or having little energy,decimal,,1|2|3|4|5,Not at all|Several days|More than half the days|Nearly every day|Do not wish to answer
BiBBS_Baseline,pregnancy_survey,phq_q5,BiBBS_Baseline.pregnancy_survey.phq_q5,Poor appetite or overeating,decimal,,1|2|3|4|5,Not at all|Several days|More than half the days|Nearly every day|Do not wish to answer
BiBBS_Baseline,pregnancy_survey,phq_q6,BiBBS_Baseline.pregnancy_survey.phq_q6,Feeling bad about yourself,decimal,,1|2|3|4|5,Not at all|Several days|More than half the days|Nearly every day|Do not wish to answer
BiBBS_Baseline,pregnancy_survey,phq_q7,BiBBS_Baseline.pregnancy_survey.phq_q7,Trouble concentrating on things,decimal,,1|2|3|4|5,Not at all|Several days|More than half the days|Nearly every day|Do not wish to answer
BiBBS_Baseline,pregnancy_survey,phq_q8,BiBBS_Baseline.pregnancy_survey.phq_q8,Moving or speaking so slowly that other people could have noticed?,decimal,,1|2|3|4|5,Not at all|Several days|More than half the days|Nearly every day|Do not wish to answer
BiBBS_Baseline,pregnancy_survey,phq_difficulties,BiBBS_Baseline.pregnancy_survey.phq_difficulties,"If any problems, how difficult have these problems made it for you",decimal,,1|2|3|4,Not difficult at all|Somewhat difficult|Very difficult|Extremely difficult
BiBBS_Baseline,pregnancy_survey,gad_present,BiBBS_Baseline.pregnancy_survey.gad_present,"Whether GAD questions present: Long 1 to Long 4 (2,114)",decimal,,0|1,No|Yes
BiBBS_Baseline,pregnancy_survey,gad_total,BiBBS_Baseline.pregnancy_survey.gad_total,GAD7 total score,decimal,,,
BiBBS_Baseline,pregnancy_survey,gad_category,BiBBS_Baseline.pregnancy_survey.gad_category,GAD7 category,decimal,,1|2|3|4,None|Mild|Moderate|Severe
BiBBS_Baseline,pregnancy_survey,gad_nervous,BiBBS_Baseline.pregnancy_survey.gad_nervous,"Feeling nervous, anxious or on an edge?",decimal,,1|2|3|4|5|6,Not at all|Several days|More than half the days|Nearly every day|Do not wish to answer|NT
BiBBS_Baseline,pregnancy_survey,gad_notstopworry,BiBBS_Baseline.pregnancy_survey.gad_notstopworry,Not being able to stop or control worrying?,decimal,,1|2|3|4|5|6,Not at all|Several days|More than half the days|Nearly every day|Do not wish to answer|NT
BiBBS_Baseline,pregnancy_survey,gad_worrythings,BiBBS_Baseline.pregnancy_survey.gad_worrythings,Worrying too much about different things?,decimal,,1|2|3|4|5|6,Not at all|Several days|More than half the days|Nearly every day|Do not wish to answer|NT
BiBBS_Baseline,pregnancy_survey,gad_troublerelax,BiBBS_Baseline.pregnancy_survey.gad_troublerelax,Trouble relaxing?,decimal,,1|2|3|4|5|6,Not at all|Several days|More than half the days|Nearly every day|Do not wish to answer|NT
BiBBS_Baseline,pregnancy_survey,gad_restless,BiBBS_Baseline.pregnancy_survey.gad_restless,Being so restless that it is hard to sit still?,decimal,,1|2|3|4|5|6,Not at all|Several days|More than half the days|Nearly every day|Do not wish to answer|NT
BiBBS_Baseline,pregnancy_survey,gad_irritable,BiBBS_Baseline.pregnancy_survey.gad_irritable,Becoming easily annoyed or irritable?,decimal,,1|2|3|4|5|6,Not at all|Several days|More than half the days|Nearly every day|Do not wish to answer|NT
BiBBS_Baseline,pregnancy_survey,gad_afraid,BiBBS_Baseline.pregnancy_survey.gad_afraid,Feeling afraid as if something awful might happen?,decimal,,1|2|3|4|5|6,Not at all|Several days|More than half the days|Nearly every day|Do not wish to answer|NT
BiBBS_Baseline,pregnancy_survey,wem_present,BiBBS_Baseline.pregnancy_survey.wem_present,"Whether WEMWB questions present: Long3, Long 4 and Short 2 (2,324)",decimal,,0|1,No|Yes
BiBBS_Baseline,pregnancy_survey,wem_wemwb_a,BiBBS_Baseline.pregnancy_survey.wem_wemwb_a,A. I've been feeling optimistic about the future,decimal,,1|2|3|4|5|6,None of the time|Rarely|Some of the time|Often|All of the time|NT
BiBBS_Baseline,pregnancy_survey,wem_wemwb_b,BiBBS_Baseline.pregnancy_survey.wem_wemwb_b,B. I've been feeling useful,decimal,,1|2|3|4|5|6,None of the time|Rarely|Some of the time|Often|All of the time|NT
BiBBS_Baseline,pregnancy_survey,wem_wemwb_c,BiBBS_Baseline.pregnancy_survey.wem_wemwb_c,C. I've been feeling relaxed,decimal,,1|2|3|4|5|6,None of the time|Rarely|Some of the time|Often|All of the time|NT
BiBBS_Baseline,pregnancy_survey,wem_wemwb_d,BiBBS_Baseline.pregnancy_survey.wem_wemwb_d,D. I've been feeling interested in other people,decimal,,1|2|3|4|5|6,None of the time|Rarely|Some of the time|Often|All of the time|NT
BiBBS_Baseline,pregnancy_survey,wem_wemwb_e,BiBBS_Baseline.pregnancy_survey.wem_wemwb_e,E. I've had energy to spare,decimal,,1|2|3|4|5|6,None of the time|Rarely|Some of the time|Often|All of the time|NT
BiBBS_Baseline,pregnancy_survey,wem_wemwb_f,BiBBS_Baseline.pregnancy_survey.wem_wemwb_f,F. I've been dealing with problems well,decimal,,1|2|3|4|5|6,None of the time|Rarely|Some of the time|Often|All of the time|NT
BiBBS_Baseline,pregnancy_survey,wem_wemwb_g,BiBBS_Baseline.pregnancy_survey.wem_wemwb_g,G. I've been thinking clearly,decimal,,1|2|3|4|5|6,None of the time|Rarely|Some of the time|Often|All of the time|NT
BiBBS_Baseline,pregnancy_survey,wem_wemwb_h,BiBBS_Baseline.pregnancy_survey.wem_wemwb_h,H. I've been feeling good about myself,decimal,,1|2|3|4|5|6,None of the time|Rarely|Some of the time|Often|All of the time|NT
BiBBS_Baseline,pregnancy_survey,wem_wemwb_i,BiBBS_Baseline.pregnancy_survey.wem_wemwb_i,I. I've been feeling close to other people,decimal,,1|2|3|4|5|6,None of the time|Rarely|Some of the time|Often|All of the time|NT
BiBBS_Baseline,pregnancy_survey,wem_wemwb_j,BiBBS_Baseline.pregnancy_survey.wem_wemwb_j,J. I've been feeling confident,decimal,,1|2|3|4|5|6,None of the time|Rarely|Some of the time|Often|All of the time|NT
BiBBS_Baseline,pregnancy_survey,wem_wemwb_k,BiBBS_Baseline.pregnancy_survey.wem_wemwb_k,K. I've been able to make up my own mind about things,decimal,,1|2|3|4|5|6,None of the time|Rarely|Some of the time|Often|All of the time|NT
BiBBS_Baseline,pregnancy_survey,wem_wemwb_l,BiBBS_Baseline.pregnancy_survey.wem_wemwb_l,L. I've been feeling loved,decimal,,1|2|3|4|5|6,None of the time|Rarely|Some of the time|Often|All of the time|NT
BiBBS_Baseline,pregnancy_survey,wem_wemwb_m,BiBBS_Baseline.pregnancy_survey.wem_wemwb_m,M. I've been interested in new things,decimal,,1|2|3|4|5|6,None of the time|Rarely|Some of the time|Often|All of the time|NT
BiBBS_Baseline,pregnancy_survey,wem_wemwb_n,BiBBS_Baseline.pregnancy_survey.wem_wemwb_n,N. I've been feeling cheerful,decimal,,1|2|3|4|5|6,None of the time|Rarely|Some of the time|Often|All of the time|NT
BiBBS_Baseline,pregnancy_survey,ffq_1_present,BiBBS_Baseline.pregnancy_survey.ffq_1_present,"Whether food frequency questions present: Long2 to Long 4 (2,044)",decimal,,0|1,No|Yes
BiBBS_Baseline,pregnancy_survey,ffq_1foodfrq_b,BiBBS_Baseline.pregnancy_survey.ffq_1foodfrq_b,Fresh fruit,decimal,,1|10|2|3|4|5|6|7|8|9,6+ times per day|NT|4-5 times per day|2-3 times per day|once per day|5-6 times per week|2-4 times per week|Once per week|1-3 times per month|Less than once per month
BiBBS_Baseline,pregnancy_survey,ffq_1foodfrq_c,BiBBS_Baseline.pregnancy_survey.ffq_1foodfrq_c,Cooked green vegetables (fresh or frozen),decimal,,1|10|2|3|4|5|6|7|8|9,6+ times per day|NT|4-5 times per day|2-3 times per day|once per day|5-6 times per week|2-4 times per week|Once per week|1-3 times per month|Less than once per month
BiBBS_Baseline,pregnancy_survey,ffq_1foodfrq_d,BiBBS_Baseline.pregnancy_survey.ffq_1foodfrq_d,Cooked root vegetables (fresh or frozen),decimal,,1|10|2|3|4|5|6|7|8|9,6+ times per day|NT|4-5 times per day|2-3 times per day|once per day|5-6 times per week|2-4 times per week|Once per week|1-3 times per month|Less than once per month
BiBBS_Baseline,pregnancy_survey,ffq_1foodfrq_e,BiBBS_Baseline.pregnancy_survey.ffq_1foodfrq_e,Raw vegetables or salad (including tomatoes),decimal,,1|10|2|3|4|5|6|7|8|9,6+ times per day|NT|4-5 times per day|2-3 times per day|once per day|5-6 times per week|2-4 times per week|Once per week|1-3 times per month|Less than once per month
BiBBS_Baseline,pregnancy_survey,ffq_1foodfrq_f,BiBBS_Baseline.pregnancy_survey.ffq_1foodfrq_f,Chips,decimal,,1|10|2|3|4|5|6|7|8|9,6+ times per day|NT|4-5 times per day|2-3 times per day|once per day|5-6 times per week|2-4 times per week|Once per week|1-3 times per month|Less than once per month
BiBBS_Baseline,pregnancy_survey,ffq_1foodfrq_o,BiBBS_Baseline.pregnancy_survey.ffq_1foodfrq_o,"Sweets, chocolates",decimal,,1|10|2|3|4|5|6|7|8|9,6+ times per day|NT|4-5 times per day|2-3 times per day|once per day|5-6 times per week|2-4 times per week|Once per week|1-3 times per month|Less than once per month
BiBBS_Baseline,pregnancy_survey,ffq_1foodfrq_q,BiBBS_Baseline.pregnancy_survey.ffq_1foodfrq_q,"Crisps, savoury snacks",decimal,,1|10|2|3|4|5|6|7|8|9,6+ times per day|NT|4-5 times per day|2-3 times per day|once per day|5-6 times per week|2-4 times per week|Once per week|1-3 times per month|Less than once per month
BiBBS_Baseline,pregnancy_survey,ffq_1foodfrq_r,BiBBS_Baseline.pregnancy_survey.ffq_1foodfrq_r,Fruit juice (NOT squash),decimal,,1|10|2|3|4|5|6|7|8|9,6+ times per day|NT|4-5 times per day|2-3 times per day|once per day|5-6 times per week|2-4 times per week|Once per week|1-3 times per month|Less than once per month
BiBBS_Baseline,pregnancy_survey,ffq_1foodfrq_t,BiBBS_Baseline.pregnancy_survey.ffq_1foodfrq_t,"Cakes, scones, sweet pies or pastries",decimal,,1|10|2|3|4|5|6|7|8|9,6+ times per day|NT|4-5 times per day|2-3 times per day|once per day|5-6 times per week|2-4 times per week|Once per week|1-3 times per month|Less than once per month
BiBBS_Baseline,pregnancy_survey,ffq_1foodfrq_u,BiBBS_Baseline.pregnancy_survey.ffq_1foodfrq_u,Biscuits,decimal,,1|10|2|3|4|5|6|7|8|9,6+ times per day|NT|4-5 times per day|2-3 times per day|once per day|5-6 times per week|2-4 times per week|Once per week|1-3 times per month|Less than once per month
BiBBS_Baseline,pregnancy_survey,ffq_2_present,BiBBS_Baseline.pregnancy_survey.ffq_2_present,Whether food frequency questions present: Long 2 to Long 3 (792),decimal,,0|1,No|Yes
BiBBS_Baseline,pregnancy_survey,ffq_2foodfrq_a,BiBBS_Baseline.pregnancy_survey.ffq_2foodfrq_a,Breakfast Cereal,decimal,,1|10|2|3|4|5|6|7|8|9,6+ times per day|NT|4-5 times per day|2-3 times per day|once per day|5-6 times per week|2-4 times per week|Once per week|1-3 times per month|Less than once per month
BiBBS_Baseline,pregnancy_survey,ffq_2foodfrq_g,BiBBS_Baseline.pregnancy_survey.ffq_2foodfrq_g,"Potatoes, pasta, rice",decimal,,1|10|2|3|4|5|6|7|8|9,6+ times per day|NT|4-5 times per day|2-3 times per day|once per day|5-6 times per week|2-4 times per week|Once per week|1-3 times per month|Less than once per month
BiBBS_Baseline,pregnancy_survey,ffq_2foodfrq_h,BiBBS_Baseline.pregnancy_survey.ffq_2foodfrq_h,Meat,decimal,,1|10|2|3|4|5|6|7|8|9,6+ times per day|NT|4-5 times per day|2-3 times per day|once per day|5-6 times per week|2-4 times per week|Once per week|1-3 times per month|Less than once per month
BiBBS_Baseline,pregnancy_survey,ffq_2foodfrq_i,BiBBS_Baseline.pregnancy_survey.ffq_2foodfrq_i,	Meat products 	 ,decimal,,1|10|2|3|4|5|6|7|8|9,6+ times per day|NT|4-5 times per day|2-3 times per day|once per day|5-6 times per week|2-4 times per week|Once per week|1-3 times per month|Less than once per month
BiBBS_Baseline,pregnancy_survey,ffq_2foodfrq_j,BiBBS_Baseline.pregnancy_survey.ffq_2foodfrq_j,	Poultry 	  	  	  	  	 ,decimal,,1|10|2|3|4|5|6|7|8|9,6+ times per day|NT|4-5 times per day|2-3 times per day|once per day|5-6 times per week|2-4 times per week|Once per week|1-3 times per month|Less than once per month
BiBBS_Baseline,pregnancy_survey,ffq_2foodfrq_k,BiBBS_Baseline.pregnancy_survey.ffq_2foodfrq_k,White fish,decimal,,1|10|2|3|4|5|6|7|8|9,6+ times per day|NT|4-5 times per day|2-3 times per day|once per day|5-6 times per week|2-4 times per week|Once per week|1-3 times per month|Less than once per month
BiBBS_Baseline,pregnancy_survey,ffq_2foodfrq_l,BiBBS_Baseline.pregnancy_survey.ffq_2foodfrq_l,	Oil rich fish 	 ,decimal,,1|10|2|3|4|5|6|7|8|9,6+ times per day|NT|4-5 times per day|2-3 times per day|once per day|5-6 times per week|2-4 times per week|Once per week|1-3 times per month|Less than once per month
BiBBS_Baseline,pregnancy_survey,ffq_2foodfrq_m,BiBBS_Baseline.pregnancy_survey.ffq_2foodfrq_m,Cheese,decimal,,1|10|2|3|4|5|6|7|8|9,6+ times per day|NT|4-5 times per day|2-3 times per day|once per day|5-6 times per week|2-4 times per week|Once per week|1-3 times per month|Less than once per month
BiBBS_Baseline,pregnancy_survey,ffq_2foodfrq_n,BiBBS_Baseline.pregnancy_survey.ffq_2foodfrq_n,Beans or pulses,decimal,,1|10|2|3|4|5|6|7|8|9,6+ times per day|NT|4-5 times per day|2-3 times per day|once per day|5-6 times per week|2-4 times per week|Once per week|1-3 times per month|Less than once per month
BiBBS_Baseline,pregnancy_survey,ffq_2foodfrq_p,BiBBS_Baseline.pregnancy_survey.ffq_2foodfrq_p,Ice cream,decimal,,1|10|2|3|4|5|6|7|8|9,6+ times per day|NT|4-5 times per day|2-3 times per day|once per day|5-6 times per week|2-4 times per week|Once per week|1-3 times per month|Less than once per month
BiBBS_Baseline,pregnancy_survey,ffq_2foodfrq_s,BiBBS_Baseline.pregnancy_survey.ffq_2foodfrq_s,Soft/fizzy drinks,decimal,,1|10|2|3|4|5|6|7|8|9,6+ times per day|NT|4-5 times per day|2-3 times per day|once per day|5-6 times per week|2-4 times per week|Once per week|1-3 times per month|Less than once per month
BiBBS_Baseline,pregnancy_survey,eq5d_mobility,BiBBS_Baseline.pregnancy_survey.eq5d_mobility,MOBILITY,decimal,,1|2|3|4|5,I have no problems in walking about |I have slight problems in walking about |I have moderate problems in walking about|I have severe problems in walking about |I am unable to walk about 
BiBBS_Baseline,pregnancy_survey,eq5d_selfcare,BiBBS_Baseline.pregnancy_survey.eq5d_selfcare,SELF-CARE,decimal,,1|2|3|4|5,I have no problems washing or dressing myself |I have slight problems washing or dressing myself |I have moderate problems washing or dressing myself |I have severe problems washing or dressing myself |I am unable to wash or dress myself 
BiBBS_Baseline,pregnancy_survey,eq5d_usualactivity,BiBBS_Baseline.pregnancy_survey.eq5d_usualactivity,"USUAL ACTIVITIES (e.g. work, study, housework, family or leisure activities)",decimal,,1|2|3|4|5,I have no problems doing my usual activities |I have slight problems doing my usual activities |I have moderate problems doing my usual activities |I have severe problems doing my usual activities |I am unable to do my usual activities 
BiBBS_Baseline,pregnancy_survey,eq5d_paindiscomfort,BiBBS_Baseline.pregnancy_survey.eq5d_paindiscomfort,PAIN / DISCOMFORT,decimal,,1|2|3|4|5,I have no pain or discomfort |I have slight pain or discomfort |I have moderate pain or discomfort |I have severe pain or discomfort |I have extreme pain or discomfort 
BiBBS_Baseline,pregnancy_survey,eq5d_anxietydepression,BiBBS_Baseline.pregnancy_survey.eq5d_anxietydepression,ANXIETY / DEPRESSION,decimal,,1|2|3|4|5,I am not anxious or depressed |I am slightly anxious or depressed |I am moderately anxious or depressed |I am severely anxious or depressed |I am extremely anxious or depressed 
BiBBS_CohortInfo,recruitment,pseudo_pregnancy_number,BiBBS_CohortInfo.recruitment.pseudo_pregnancy_number,Patient pregnancy number ordered by booking date,decimal,,,
BiBBS_CohortInfo,recruitment,medway_booking_y,BiBBS_CohortInfo.recruitment.medway_booking_y,Year of booking in maternity EPR,decimal,,,
BiBBS_CohortInfo,recruitment,medway_booking_m,BiBBS_CohortInfo.recruitment.medway_booking_m,Month of booking in maternity EPR,decimal,,,
BiBBS_CohortInfo,recruitment,medway_edd_y,BiBBS_CohortInfo.recruitment.medway_edd_y,Expected year of delivery in maternity EPR,decimal,,,
BiBBS_CohortInfo,recruitment,medway_edd_m,BiBBS_CohortInfo.recruitment.medway_edd_m,Expected month of delivery in maternity EPR,decimal,,,
BiBBS_CohortInfo,recruitment,BiBBSRecruitmentID,BiBBS_CohortInfo.recruitment.BiBBSRecruitmentID,BiBBS recruitment record ID,decimal,,,
BiBBS_CohortInfo,recruitment,BiBBSPersonID,BiBBS_CohortInfo.recruitment.BiBBSPersonID,BiBBS PersonID,text,,,
BiBBS_CohortInfo,recruitment,BiBBSPregnancyID,BiBBS_CohortInfo.recruitment.BiBBSPregnancyID,BiBBS PregnancyID,text,,,
BiBBS_CohortInfo,recruitment,eligible,BiBBS_CohortInfo.recruitment.eligible,Pregnancy eligible for BiBBS,decimal,,,
BiBBS_CohortInfo,recruitment,not_eligible,BiBBS_CohortInfo.recruitment.not_eligible,Pregnancy not eligible for BiBBS,decimal,,,
BiBBS_CohortInfo,recruitment,not_eligible_area,BiBBS_CohortInfo.recruitment.not_eligible_area,Pregnancy not eligible for BiBBS: postcode out of area,decimal,,,
BiBBS_CohortInfo,recruitment,not_eligible_other,BiBBS_CohortInfo.recruitment.not_eligible_other,Pregnancy not eligible for BiBBS: other reason,decimal,,,
BiBBS_CohortInfo,recruitment,not_yet_recruited,BiBBS_CohortInfo.recruitment.not_yet_recruited,Pregnancy eligible but not yet recruited at datafreeze,decimal,,,
BiBBS_CohortInfo,recruitment,not_recruited,BiBBS_CohortInfo.recruitment.not_recruited,Pregnancy not recruited,decimal,,,
BiBBS_CohortInfo,recruitment,not_recruited_not_informed,BiBBS_CohortInfo.recruitment.not_recruited_not_informed,Pregnancy not recruited: not informed about BiBBS,decimal,,,
BiBBS_CohortInfo,recruitment,not_recruited_informed,BiBBS_CohortInfo.recruitment.not_recruited_informed,Pregnancy not recruited: informed about BiBBS,decimal,,,
BiBBS_CohortInfo,recruitment,not_recruited_declined,BiBBS_CohortInfo.recruitment.not_recruited_declined,Pregnancy not recruited: declined participation,decimal,,,
BiBBS_CohortInfo,recruitment,recruited,BiBBS_CohortInfo.recruitment.recruited,Pregnancy recruited to BiBBS,decimal,,,
BiBBS_CohortInfo,recruitment,has_survey,BiBBS_CohortInfo.recruitment.has_survey,Survey record exists for this pregnancy,decimal,,,
BiBBS_CohortInfo,pregnancy,BiBBSPregNumber,BiBBS_CohortInfo.pregnancy.BiBBSPregNumber,BiBBS mother within-cohort pregnancy number,decimal,,,
BiBBS_CohortInfo,pregnancy,BiBBSPregnancyID,BiBBS_CohortInfo.pregnancy.BiBBSPregnancyID,BiBBS PregnancyID,text,,,
BiBBS_CohortInfo,pregnancy,BiBBSPartnerID,BiBBS_CohortInfo.pregnancy.BiBBSPartnerID,BiBBS partner ID,text,,,
BiBBS_CohortInfo,pregnancy,medway_booking_y,BiBBS_CohortInfo.pregnancy.medway_booking_y,Year of booking in maternity EPR,decimal,,,
BiBBS_CohortInfo,pregnancy,medway_booking_m,BiBBS_CohortInfo.pregnancy.medway_booking_m,Month of booking in maternity EPR,decimal,,,
BiBBS_CohortInfo,pregnancy,medway_edd_y,BiBBS_CohortInfo.pregnancy.medway_edd_y,Expected year of delivery in maternity EPR,decimal,,,
BiBBS_CohortInfo,pregnancy,medway_edd_m,BiBBS_CohortInfo.pregnancy.medway_edd_m,Expected month of delivery in maternity EPR,decimal,,,
BiBBS_CohortInfo,pregnancy,recruitment_year,BiBBS_CohortInfo.pregnancy.recruitment_year,Year of pregnancy recruitment,decimal,,,
BiBBS_CohortInfo,pregnancy,recruitment_month,BiBBS_CohortInfo.pregnancy.recruitment_month,Month of pregnancy recruitment,decimal,,,
BiBBS_CohortInfo,pregnancy,m_recruitment_age,BiBBS_CohortInfo.pregnancy.m_recruitment_age,Mother age in years at pregnancy recruitment,decimal,,,
BiBBS_CohortInfo,pregnancy,p_recruitment_age,BiBBS_CohortInfo.pregnancy.p_recruitment_age,Partner age in years at pregnancy recruitment,decimal,,,
BiBBS_CohortInfo,pregnancy,has_survey,BiBBS_CohortInfo.pregnancy.has_survey,Survey record exists for this pregnancy,decimal,,,
BiBBS_CohortInfo,mother,m_birth_year,BiBBS_CohortInfo.mother.m_birth_year,Mother year of birth,decimal,,,
BiBBS_CohortInfo,mother,m_birth_month,BiBBS_CohortInfo.mother.m_birth_month,Mother month of birth,decimal,,,
BiBBS_CohortInfo,mother,gender,BiBBS_CohortInfo.mother.gender,Mother gender,decimal,,1,Female
BiBBS_CohortInfo,mother,m_recruitment_year,BiBBS_CohortInfo.mother.m_recruitment_year,Mother year of index pregnancy recruitment,decimal,,,
BiBBS_CohortInfo,mother,m_recruitment_month,BiBBS_CohortInfo.mother.m_recruitment_month,Mother month of index pregnancy recruitment,decimal,,,
BiBBS_CohortInfo,mother,m_age_at_recruitment,BiBBS_CohortInfo.mother.m_age_at_recruitment,Mother age at index pregnancy recruitment,decimal,,,
BiBBS_CohortInfo,mother,n_pregnancies,BiBBS_CohortInfo.mother.n_pregnancies,Number of pregnancies in this cohort,decimal,,,
BiBBS_CohortInfo,mother,n_children,BiBBS_CohortInfo.mother.n_children,Number of children in this cohort,decimal,,,
BiBBS_CohortInfo,child,BiBBSPregNumber,BiBBS_CohortInfo.child.BiBBSPregNumber,BiBBS mother within-cohort pregnancy number,decimal,,,
BiBBS_CohortInfo,child,BiBBSPregnancyID,BiBBS_CohortInfo.child.BiBBSPregnancyID,BiBBS Pregnancy ID,text,,,
BiBBS_CohortInfo,child,birth_order,BiBBS_CohortInfo.child.birth_order,Child birth order (multiple births),decimal,,,
BiBBS_CohortInfo,child,birth_year,BiBBS_CohortInfo.child.birth_year,Child year of birth,decimal,,,
BiBBS_CohortInfo,child,birth_month,BiBBS_CohortInfo.child.birth_month,Child month of birth,decimal,,,
BiBBS_CohortInfo,child,gender,BiBBS_CohortInfo.child.gender,Child gender,decimal,,1|2,Female|Male
BiBBS_CohortInfo,child,BiBBSMotherID,BiBBS_CohortInfo.child.BiBBSMotherID,BiBBSPersonID of mother,text,,,
BiBBS_CohortInfo,child,mother_age_at_birth,BiBBS_CohortInfo.child.mother_age_at_birth,Age of mother at child's birth,decimal,,,
BiBBS_CohortInfo,child,BiBBSPartnerID,BiBBS_CohortInfo.child.BiBBSPartnerID,BiBBSPersonID of partner,text,,,
BiBBS_CohortInfo,child,partner_age_at_birth,BiBBS_CohortInfo.child.partner_age_at_birth,Age of partner at child's birth,decimal,,,
BiBBS_CohortInfo,partner,p_birth_year,BiBBS_CohortInfo.partner.p_birth_year,Partner year of birth,decimal,,,
BiBBS_CohortInfo,partner,p_birth_month,BiBBS_CohortInfo.partner.p_birth_month,Partner month of birth,decimal,,,
BiBBS_CohortInfo,partner,gender,BiBBS_CohortInfo.partner.gender,Partner gender,decimal,,1|2,Male|Female
BiBBS_CohortInfo,partner,p_recruitment_year,BiBBS_CohortInfo.partner.p_recruitment_year,Partner year of index pregnancy recruitment,decimal,,,
BiBBS_CohortInfo,partner,p_recruitment_month,BiBBS_CohortInfo.partner.p_recruitment_month,Partner month of index pregnancy recruitment,decimal,,,
BiBBS_CohortInfo,partner,p_age_at_recruitment,BiBBS_CohortInfo.partner.p_age_at_recruitment,Partner age at index pregnancy recruitment,decimal,,,
BiBBS_CohortInfo,partner,n_pregnancies,BiBBS_CohortInfo.partner.n_pregnancies,Number of pregnancies in this cohort,decimal,,,
BiBBS_Geographic,ch_core_geog,date_address_data,BiBBS_Geographic.ch_core_geog.date_address_data,Date of latest available address data,date,,,
BiBBS_Geographic,ch_core_geog,age_m,BiBBS_Geographic.ch_core_geog.age_m,Participants actual age (months),decimal,,,
BiBBS_Geographic,ch_core_geog,age_closest_data_point,BiBBS_Geographic.ch_core_geog.age_closest_data_point,Age at data point closest to participants actual age,decimal,,,
BiBBS_Geographic,ch_core_geog,temporal_accuracy_m,BiBBS_Geographic.ch_core_geog.temporal_accuracy_m,Difference in months between participants age at closest data point and actual a,decimal,,,
BiBBS_Geographic,ch_core_geog,LSOA11CD,BiBBS_Geographic.ch_core_geog.LSOA11CD,LSOA 2011 code,text,,,
BiBBS_Geographic,ch_core_geog,WD21CD,BiBBS_Geographic.ch_core_geog.WD21CD,Ward 2021 code,text,,,
BiBBS_Geographic,ch_core_geog,is_in_bfd_la,BiBBS_Geographic.ch_core_geog.is_in_bfd_la,Is participant in Bradford LA?,decimal,,0|1,No|Yes
BiBBS_Geographic,ch_core_geog,is_in_bibbs_area,BiBBS_Geographic.ch_core_geog.is_in_bibbs_area,Is participant in BiBBS area?,decimal,,0|1,No|Yes
BiBBS_Geographic,ch_core_geog,data_source,BiBBS_Geographic.ch_core_geog.data_source,Source of data: registration (1) or tracing (2),decimal,,1|2,Registration|Tracing
BiBBS_Geographic,ch_core_geog,study,BiBBS_Geographic.ch_core_geog.study,Is participant in BiB (1) or BiBBS (2),decimal,,1|2,BiB|BiBBS
BiBBS_Geographic,ch_core_geog,not_in_eng_wales,BiBBS_Geographic.ch_core_geog.not_in_eng_wales,Indicates if address is not in England or Wales,decimal,,0|1,No|Yes
BiBBS_Geographic,ch_core_geog,missing_address_data,BiBBS_Geographic.ch_core_geog.missing_address_data,Indicates if record has missing address data,decimal,,0|1,No|Yes
BiBBS_Geographic,ch_core_geog,poor_qual_data,BiBBS_Geographic.ch_core_geog.poor_qual_data,Indicates if record has poor quality data,decimal,,0|1,No|Yes
BiBBS_Geographic,ad_core_geog,date_address_data,BiBBS_Geographic.ad_core_geog.date_address_data,Date of latest available address data,date,,,
BiBBS_Geographic,ad_core_geog,age_m,BiBBS_Geographic.ad_core_geog.age_m,Participants actual age (months),decimal,,,
BiBBS_Geographic,ad_core_geog,age_closest_data_point,BiBBS_Geographic.ad_core_geog.age_closest_data_point,Age at data point closest to participants actual age,decimal,,,
BiBBS_Geographic,ad_core_geog,temporal_accuracy_m,BiBBS_Geographic.ad_core_geog.temporal_accuracy_m,Difference in months between participants age at closest data point and actual a,decimal,,,
BiBBS_Geographic,ad_core_geog,LSOA11CD,BiBBS_Geographic.ad_core_geog.LSOA11CD,LSOA 2011 code,text,,,
BiBBS_Geographic,ad_core_geog,WD21CD,BiBBS_Geographic.ad_core_geog.WD21CD,Ward 2021 code,text,,,
BiBBS_Geographic,ad_core_geog,is_in_bfd_la,BiBBS_Geographic.ad_core_geog.is_in_bfd_la,Is participant in Bradford LA?,decimal,,0|1,No|Yes
BiBBS_Geographic,ad_core_geog,is_in_bibbs_area,BiBBS_Geographic.ad_core_geog.is_in_bibbs_area,Is participant in BiBBS area?,decimal,,0|1,No|Yes
BiBBS_Geographic,ad_core_geog,data_source,BiBBS_Geographic.ad_core_geog.data_source,Source of data: registration (1) or tracing (2),decimal,,1|2,Registration|Tracing
BiBBS_Geographic,ad_core_geog,study,BiBBS_Geographic.ad_core_geog.study,Is participant in BiB (1) or BiBBS (2),decimal,,1|2,BiB|BiBBS
BiBBS_Geographic,ad_core_geog,not_in_eng_wales,BiBBS_Geographic.ad_core_geog.not_in_eng_wales,Indicates if address is not in England or Wales,decimal,,0|1,No|Yes
BiBBS_Geographic,ad_core_geog,missing_address_data,BiBBS_Geographic.ad_core_geog.missing_address_data,Indicates if record has missing address data,decimal,,0|1,No|Yes
BiBBS_Geographic,ad_core_geog,poor_qual_data,BiBBS_Geographic.ad_core_geog.poor_qual_data,Indicates if record has poor quality data,decimal,,0|1,No|Yes
BiBBS_Geographic,house_nbhd,age_m,BiBBS_Geographic.house_nbhd.age_m,Participants actual age (months),decimal,,,
BiBBS_Geographic,house_nbhd,IMD_2010_decile,BiBBS_Geographic.house_nbhd.IMD_2010_decile,IMD 2010 decile,decimal,,,
BiBBS_Geographic,house_nbhd,IMD_2010_score,BiBBS_Geographic.house_nbhd.IMD_2010_score,IMD 2010 score,decimal,,,
BiBBS_Geographic,house_nbhd,IMD_2019_decile,BiBBS_Geographic.house_nbhd.IMD_2019_decile,IMD 2019 decile,decimal,,,
BiBBS_Geographic,house_nbhd,IMD_2019_score,BiBBS_Geographic.house_nbhd.IMD_2019_score,IMD 2019 score,decimal,,,
BiBBS_Geographic,house_nbhd,IMD_2019_decile_bfd,BiBBS_Geographic.house_nbhd.IMD_2019_decile_bfd,IMD 2019 decile - reclassified using only Bradford LSOA,decimal,,,
BiBBS_Geographic,house_nbhd,house_type,BiBBS_Geographic.house_nbhd.house_type,Property type,decimal,,1|2|3|4|5,Terraced|Semi-Detached|Self Contained Flat (Includes Maisonette / Apartment)|Detached|Other
